object,originality_rater01,originality_rater02,utility_rater01,utility_rater02
brick,0,0,0,0
brick,0,0,0,0
brick,2,2,5,5
brick,2,2,5,5
brick,4,2,2,3
brick,5,4,2,3
brick,1,1,5,4
brick,2,1,5,3
brick,2,3,5,4
brick,2,1,5,4
brick,3,3,3,3
brick,2,2,5,4
brick,3,4,5,5
brick,4,4,1,2
brick,0,0,0,0
brick,1,1,5,5
brick,1,1,5,5
brick,2,4,4,2
brick,2,4,4,2
brick,2,4,4,2
brick,2,4,4,2
brick,3,3,3,4
brick,0,1,0,4
brick,0,0,0,0
brick,2,2,5,5
brick,4,3,2,4
brick,3,4,3,3
brick,3,4,3,3
brick,0,4,0,3
brick,4,3,3,3
brick,4,3,2,2
brick,4,3,2,2
brick,4,3,2,2
brick,4,3,2,2
brick,4,3,2,2
brick,1,4,2,1
brick,1,1,5,2
brick,0,1,0,2
brick,0,1,0,2
brick,1,1,5,2
brick,1,1,5,2
brick,1,1,5,2
brick,1,1,5,2
brick,1,1,5,2
brick,1,1,5,2
brick,3,4,5,5
brick,3,3,5,4
brick,3,3,5,4
brick,4,2,5,5
brick,2,2,5,4
brick,1,3,5,2
brick,1,3,5,2
brick,3,4,3,2
brick,3,4,3,2
brick,3,4,3,2
brick,3,4,3,2
brick,4,4,5,4
brick,3,4,3,2
brick,4,4,5,4
brick,4,3,5,4
brick,4,3,5,4
brick,4,3,5,4
brick,4,3,5,4
brick,4,3,5,4
brick,4,3,5,4
brick,2,3,5,4
brick,2,2,5,4
brick,2,2,5,4
brick,2,2,5,4
brick,2,2,5,4
brick,2,2,5,4
brick,2,2,5,4
brick,2,2,5,4
brick,4,2,3,5
brick,4,2,3,5
brick,4,2,3,5
brick,4,2,3,5
brick,1,2,5,5
brick,0,3,0,4
brick,4,4,1,2
brick,0,4,0,3
brick,0,0,0,0
brick,3,2,3,4
brick,3,2,3,4
brick,3,2,3,4
brick,3,2,3,3
brick,3,2,3,3
brick,3,2,3,3
brick,3,2,3,3
brick,3,2,3,3
brick,3,2,3,3
brick,3,2,3,3
brick,3,2,3,3
brick,3,2,3,3
brick,3,2,3,3
brick,3,2,3,3
brick,3,2,3,3
brick,3,2,3,3
brick,4,4,2,2
brick,4,4,2,2
brick,2,2,5,5
brick,4,3,5,2
brick,3,3,5,5
brick,2,2,5,4
brick,2,2,4,3
brick,2,2,4,3
brick,3,3,5,4
brick,3,3,5,4
brick,3,3,5,4
brick,0,0,0,0
brick,1,1,5,5
brick,3,3,5,4
brick,5,4,1,3
brick,2,3,5,3
brick,4,3,1,3
brick,3,2,5,4
brick,4,4,5,3
brick,4,4,5,3
brick,2,2,4,4
brick,2,3,5,4
brick,2,3,5,5
brick,2,3,5,5
brick,2,3,5,5
brick,4,2,3,4
brick,2,1,4,5
brick,2,2,5,4
brick,2,3,5,4
brick,4,3,5,4
brick,2,3,5,5
brick,2,3,5,5
brick,2,3,5,5
brick,2,3,5,5
brick,2,3,5,5
brick,2,3,5,5
brick,2,3,5,5
brick,2,3,5,5
brick,2,3,5,5
brick,2,3,5,5
brick,2,3,5,5
brick,2,3,5,5
brick,2,3,5,5
brick,2,3,5,5
brick,2,3,5,5
brick,2,3,5,5
brick,2,3,5,5
brick,2,3,5,5
brick,2,3,5,5
brick,2,3,5,5
brick,2,3,5,5
brick,2,3,5,5
brick,2,3,5,5
brick,2,3,5,5
brick,4,3,3,3
brick,2,3,4,4
brick,3,3,2,4
brick,3,3,2,4
brick,3,3,2,4
brick,3,3,2,4
brick,3,3,2,4
brick,1,1,5,5
brick,1,1,5,5
brick,1,1,5,5
brick,1,1,5,5
brick,1,1,5,5
brick,1,1,5,5
brick,1,1,5,5
brick,1,1,5,5
brick,1,1,5,5
brick,1,1,5,5
brick,1,1,5,5
brick,1,1,5,5
brick,1,1,5,5
brick,1,1,5,5
brick,1,1,5,5
brick,1,1,5,5
brick,1,1,5,5
brick,1,1,5,5
brick,1,1,5,5
brick,1,1,5,5
brick,1,1,5,5
brick,1,1,5,5
brick,1,1,5,5
brick,1,1,5,5
brick,1,1,5,5
brick,1,1,5,5
brick,1,1,5,5
brick,1,1,5,5
brick,1,1,5,5
brick,1,1,5,5
brick,1,1,5,5
brick,1,1,5,5
brick,1,1,5,5
brick,1,1,5,5
brick,1,1,5,5
brick,1,1,5,5
brick,1,1,5,5
brick,1,1,5,5
brick,1,1,5,5
brick,1,1,5,5
brick,1,1,5,5
brick,1,1,5,5
brick,1,1,5,5
brick,1,1,5,5
brick,1,1,5,5
brick,1,1,5,5
brick,1,1,5,5
brick,1,1,5,5
brick,1,1,5,5
brick,1,1,5,5
brick,1,1,5,5
brick,1,1,5,5
brick,1,1,5,5
brick,1,1,5,5
brick,1,1,5,5
brick,1,1,5,5
brick,1,1,5,5
brick,1,1,5,5
brick,1,1,5,5
brick,1,1,5,5
brick,1,1,5,5
brick,1,1,5,5
brick,1,1,5,5
brick,1,1,5,5
brick,1,1,5,5
brick,1,1,5,5
brick,1,1,5,5
brick,1,1,5,5
brick,1,1,5,5
brick,1,1,5,5
brick,1,1,5,5
brick,1,1,5,5
brick,1,0,5,0
brick,1,1,5,5
brick,1,1,5,5
brick,1,1,5,5
brick,2,1,5,4
brick,2,1,5,4
brick,2,1,5,4
brick,2,1,5,4
brick,2,2,5,4
brick,2,1,5,4
brick,2,1,5,4
brick,2,1,5,4
brick,2,1,5,4
brick,3,3,4,4
brick,0,0,0,0
brick,0,0,0,0
brick,3,2,4,4
brick,3,2,4,3
brick,3,2,4,3
brick,2,1,4,5
brick,2,1,4,5
brick,2,1,4,5
brick,2,1,4,5
brick,2,1,4,5
brick,2,1,4,5
brick,2,3,5,3
brick,2,1,4,5
brick,2,1,4,5
brick,0,0,0,0
brick,0,0,0,0
brick,0,1,0,5
brick,0,1,0,5
brick,0,1,0,5
brick,0,1,0,4
brick,3,2,3,4
brick,3,3,3,4
brick,2,3,5,5
brick,0,0,0,0
brick,4,3,5,3
brick,4,3,3,4
brick,4,3,3,4
brick,4,3,3,4
brick,4,3,3,4
brick,5,4,1,1
brick,2,3,1,2
brick,2,3,1,2
brick,2,3,1,2
brick,0,3,0,2
brick,1,1,4,5
brick,1,1,4,5
brick,0,1,0,5
brick,1,1,4,4
brick,2,2,5,5
brick,0,4,0,3
brick,0,1,0,5
brick,0,0,0,0
brick,2,2,5,4
brick,0,2,0,4
brick,2,2,4,3
brick,2,2,4,3
brick,2,2,4,3
brick,2,2,4,3
brick,1,2,5,3
brick,2,2,3,3
brick,2,2,3,3
brick,2,2,4,4
brick,1,2,5,4
brick,1,2,5,4
brick,1,2,5,4
brick,4,3,3,4
brick,3,3,3,3
brick,3,3,3,3
brick,3,3,3,3
brick,3,3,3,3
brick,3,3,3,3
brick,3,3,3,3
brick,3,3,3,3
brick,3,3,3,3
brick,3,3,3,3
brick,3,3,3,3
brick,3,3,3,3
brick,3,3,3,3
brick,3,3,3,3
brick,3,3,3,3
brick,3,3,3,3
brick,3,3,3,3
brick,3,3,3,3
brick,3,3,3,3
brick,3,3,3,3
brick,3,3,3,3
brick,3,3,3,3
brick,2,3,3,3
brick,2,2,3,3
brick,2,2,5,4
brick,2,2,5,4
brick,2,2,5,5
brick,2,2,5,5
brick,2,2,5,5
brick,2,2,5,5
brick,2,2,5,5
brick,2,2,5,5
brick,2,2,5,5
brick,2,2,5,5
brick,2,2,5,5
brick,2,2,5,5
brick,2,2,5,5
brick,2,2,5,5
brick,2,2,5,5
brick,2,2,5,5
brick,2,2,5,5
brick,2,2,5,5
brick,2,2,5,5
brick,2,2,5,5
brick,2,2,5,5
brick,2,2,5,5
brick,2,2,5,5
brick,2,2,5,5
brick,2,2,5,5
brick,2,2,5,5
brick,2,2,5,5
brick,2,2,5,5
brick,2,2,5,5
brick,2,2,5,5
brick,2,2,5,5
brick,2,2,5,5
brick,2,2,5,5
brick,2,2,5,5
brick,2,2,5,5
brick,2,1,5,5
brick,2,2,5,3
brick,2,2,5,3
brick,3,3,4,3
brick,2,2,4,4
brick,2,2,5,4
brick,2,2,5,4
brick,2,2,5,4
brick,2,2,5,4
brick,2,2,5,3
brick,2,2,5,3
brick,2,2,5,3
brick,2,2,5,3
brick,2,2,5,3
brick,2,2,5,3
brick,2,2,5,3
brick,2,2,5,3
brick,2,2,5,3
brick,3,3,5,4
brick,2,2,5,4
brick,3,3,5,4
brick,2,2,5,4
brick,2,2,5,4
brick,2,2,5,4
brick,2,2,5,4
brick,2,4,2,2
brick,4,4,4,3
brick,2,2,3,4
brick,2,2,3,4
brick,2,2,3,4
brick,2,2,3,4
brick,2,2,3,4
brick,3,4,3,4
brick,3,4,3,4
brick,0,3,0,4
brick,2,2,2,3
brick,2,2,5,3
brick,2,2,5,3
brick,2,2,4,4
brick,4,2,2,3
brick,2,3,3,3
brick,5,4,1,1
brick,2,2,5,4
brick,2,3,5,2
brick,2,0,5,0
brick,5,4,1,1
brick,4,4,5,3
brick,1,1,5,4
brick,1,1,5,4
brick,3,2,5,5
brick,2,2,5,5
brick,2,2,5,5
brick,2,3,5,5
brick,2,3,5,5
brick,3,3,5,4
brick,2,3,5,5
brick,3,3,5,3
brick,2,3,5,4
brick,2,3,5,4
brick,2,3,5,4
brick,5,4,2,2
brick,5,3,5,3
brick,3,3,5,3
brick,5,4,1,1
brick,5,4,1,1
brick,2,3,3,3
brick,2,3,4,4
brick,2,2,5,3
brick,2,3,5,4
brick,2,3,5,4
brick,2,3,5,4
brick,5,3,5,3
brick,2,3,5,4
brick,3,3,3,3
brick,2,2,4,4
brick,0,0,0,0
brick,4,3,2,2
brick,4,2,3,4
brick,1,2,5,4
brick,2,2,5,4
brick,2,3,3,3
brick,2,2,5,4
brick,2,2,5,4
brick,2,2,5,4
brick,2,2,5,4
brick,2,2,5,3
brick,2,2,5,3
brick,2,2,5,3
brick,2,2,5,3
brick,2,2,5,3
brick,4,3,5,3
brick,0,0,0,0
brick,2,2,4,4
brick,2,2,4,4
brick,1,1,5,5
brick,1,1,5,5
brick,1,1,5,5
brick,1,1,5,5
brick,1,1,5,5
brick,1,1,5,5
brick,1,1,5,5
brick,2,1,5,5
brick,2,1,5,4
brick,4,3,5,3
brick,4,2,3,3
brick,4,2,3,3
brick,4,2,3,3
brick,4,3,4,3
brick,2,2,5,3
brick,2,2,5,3
brick,2,2,5,4
brick,2,2,5,4
brick,2,3,5,4
brick,2,2,5,4
brick,2,2,5,4
brick,2,2,5,4
brick,2,2,5,4
brick,2,2,5,4
brick,2,2,5,4
brick,2,2,5,4
brick,2,2,5,4
brick,2,2,5,4
brick,2,2,5,4
brick,2,2,5,4
brick,2,2,5,4
brick,2,2,5,4
brick,2,3,5,4
brick,2,3,5,4
brick,2,3,5,4
brick,2,3,5,4
brick,2,3,5,4
brick,2,3,5,4
brick,2,3,5,4
brick,2,3,5,4
brick,2,2,5,4
brick,2,2,5,4
brick,2,2,5,4
brick,2,3,5,4
brick,2,3,5,4
brick,2,3,5,4
brick,2,3,5,4
brick,2,3,5,4
brick,2,3,5,4
brick,2,3,5,4
brick,2,3,5,4
brick,2,3,5,4
brick,2,3,5,4
brick,2,3,5,4
brick,2,2,5,4
brick,2,2,5,4
brick,2,3,5,4
brick,2,2,5,4
brick,2,2,5,4
brick,2,2,5,4
brick,2,2,5,4
brick,2,3,5,4
brick,2,3,5,4
brick,2,3,5,4
brick,2,3,5,4
brick,2,3,5,4
brick,2,3,5,4
brick,2,3,5,4
brick,2,3,5,4
brick,2,3,5,4
brick,2,3,5,4
brick,2,3,5,4
brick,2,3,5,4
brick,2,3,5,4
brick,2,3,5,4
brick,2,3,5,4
brick,2,3,5,4
brick,3,3,4,3
brick,3,3,4,3
brick,0,0,0,0
brick,3,3,4,3
brick,2,2,5,4
brick,2,2,5,4
brick,2,2,5,4
brick,0,2,0,4
brick,3,2,3,4
brick,3,2,3,4
brick,4,4,4,2
brick,2,4,5,2
brick,0,0,0,0
brick,2,2,5,4
brick,2,2,5,4
brick,2,2,5,4
brick,2,2,5,4
brick,2,2,5,4
brick,2,2,5,4
brick,2,2,5,4
brick,2,2,5,4
brick,2,2,5,4
brick,2,2,5,4
brick,2,2,5,4
brick,2,2,5,4
brick,2,2,5,4
brick,2,2,5,4
brick,2,2,5,4
brick,2,2,5,4
brick,2,2,5,4
brick,2,2,5,4
brick,2,2,5,4
brick,2,2,5,4
brick,2,2,5,4
brick,2,2,5,4
brick,2,2,5,4
brick,2,2,5,4
brick,2,2,5,4
brick,2,2,5,4
brick,2,2,5,4
brick,2,2,5,4
brick,2,2,5,4
brick,2,2,5,4
brick,2,2,5,4
brick,2,2,5,4
brick,2,2,5,4
brick,2,2,5,4
brick,2,2,5,4
brick,2,2,5,4
brick,2,2,5,4
brick,2,2,5,4
brick,2,2,5,4
brick,2,2,5,4
brick,2,2,5,4
brick,2,2,5,4
brick,2,2,5,4
brick,2,2,5,4
brick,2,2,5,4
brick,2,2,5,4
brick,2,2,5,4
brick,2,2,5,4
brick,2,2,5,4
brick,2,2,5,4
brick,2,2,5,4
brick,2,2,5,4
brick,2,2,5,4
brick,2,2,5,4
brick,2,2,5,4
brick,4,2,5,4
brick,2,2,5,4
brick,2,2,5,4
brick,4,0,2,0
brick,4,3,4,3
brick,0,2,0,3
brick,3,3,3,3
brick,2,3,2,3
brick,2,2,4,4
brick,2,2,4,4
brick,2,2,5,4
brick,3,2,3,3
brick,3,2,3,3
brick,3,2,3,3
brick,2,0,3,0
brick,2,2,5,4
brick,2,2,5,4
brick,3,2,4,4
brick,3,2,3,3
brick,2,2,4,4
brick,3,3,5,4
brick,3,3,5,4
brick,3,3,5,4
brick,3,3,5,4
brick,3,3,5,4
brick,3,3,5,4
brick,3,3,5,4
brick,3,3,5,4
brick,3,3,5,4
brick,3,3,5,4
brick,3,3,5,4
brick,3,3,5,4
brick,3,3,5,4
brick,3,3,5,4
brick,3,3,5,4
brick,2,4,3,2
brick,2,2,5,5
brick,4,2,3,3
brick,0,0,0,0
brick,2,1,5,4
brick,5,4,4,4
brick,2,4,2,1
brick,0,0,0,0
brick,0,0,0,0
brick,4,3,4,4
brick,2,3,4,3
brick,0,0,0,0
brick,1,2,3,4
brick,1,2,3,4
brick,2,2,4,4
brick,4,2,5,5
brick,4,4,2,2
brick,1,1,5,4
brick,2,2,5,4
brick,2,2,5,4
brick,0,0,0,0
brick,0,0,0,0
brick,0,0,0,0
brick,0,2,0,3
brick,4,4,2,2
brick,4,4,2,2
brick,4,4,2,2
brick,3,3,4,3
brick,2,2,5,4
brick,2,2,5,4
brick,2,2,5,4
brick,4,3,3,3
brick,2,4,4,4
brick,4,4,5,4
brick,4,4,5,4
brick,4,4,2,3
brick,2,3,4,4
brick,2,2,5,3
brick,2,3,4,3
brick,2,2,5,5
brick,0,1,0,5
brick,0,1,0,5
brick,0,1,0,5
brick,0,1,0,5
brick,0,0,0,0
brick,5,4,1,1
brick,1,1,5,5
brick,1,1,5,5
brick,1,1,5,5
brick,1,1,5,5
brick,1,1,5,5
brick,1,1,5,5
brick,1,1,5,5
brick,1,1,5,5
brick,1,1,5,5
brick,1,1,5,5
brick,1,1,5,5
brick,1,1,5,5
brick,1,1,5,5
brick,1,1,5,5
brick,1,1,5,5
brick,1,1,5,5
brick,1,1,5,5
brick,1,1,5,5
brick,1,1,5,5
brick,1,1,5,5
brick,1,1,5,5
brick,1,1,5,5
brick,1,1,5,5
brick,1,1,5,5
brick,1,1,5,5
brick,1,1,5,5
brick,1,1,5,5
brick,1,1,5,5
brick,1,1,5,5
brick,1,1,5,5
brick,1,1,5,5
brick,1,1,5,5
brick,1,1,5,5
brick,1,1,5,5
brick,1,1,5,5
brick,1,1,5,5
brick,1,1,5,5
brick,1,1,5,5
brick,1,1,5,5
brick,1,1,5,5
brick,1,1,5,5
brick,1,1,5,5
brick,1,1,5,5
brick,1,1,5,5
brick,1,1,5,5
brick,1,1,5,5
brick,1,1,5,5
brick,1,1,5,5
brick,1,1,5,5
brick,1,1,5,5
brick,1,1,5,5
brick,1,1,5,5
brick,1,1,5,5
brick,1,1,5,5
brick,1,1,5,5
brick,1,1,5,5
brick,1,1,5,5
brick,1,1,5,5
brick,1,1,5,5
brick,1,1,5,5
brick,1,1,5,5
brick,1,1,5,5
brick,1,1,5,5
brick,1,1,5,5
brick,1,1,5,5
brick,1,1,5,5
brick,1,1,5,5
brick,1,1,5,5
brick,1,1,5,5
brick,1,0,5,0
brick,1,2,5,5
brick,1,1,5,5
brick,1,1,5,5
brick,1,1,5,5
brick,1,1,5,5
brick,1,1,5,5
brick,1,1,5,5
brick,1,1,5,5
brick,1,1,5,5
brick,1,1,5,5
brick,1,1,5,5
brick,1,1,5,5
brick,3,3,5,4
brick,0,0,0,0
brick,0,2,0,4
brick,1,1,5,5
brick,1,1,5,5
brick,1,1,5,5
brick,1,1,5,5
brick,1,1,5,5
brick,1,1,5,5
brick,0,0,0,0
brick,4,4,2,2
brick,3,2,5,3
brick,3,2,5,4
brick,2,2,4,4
brick,2,2,4,4
brick,2,2,4,4
brick,2,2,4,4
brick,2,2,4,4
brick,2,2,4,4
brick,2,2,4,4
brick,3,2,5,5
brick,3,2,5,5
brick,3,2,5,5
brick,3,2,5,5
brick,3,2,5,5
brick,0,0,0,0
brick,5,4,2,3
brick,4,3,4,3
brick,3,2,4,3
brick,2,2,4,3
brick,3,3,4,4
brick,3,3,4,4
brick,3,3,4,4
brick,3,3,4,4
brick,3,3,4,4
brick,3,3,2,4
brick,3,3,2,4
brick,3,4,2,4
brick,4,3,4,4
brick,4,3,4,4
brick,2,2,5,3
brick,2,3,2,3
brick,3,3,3,3
brick,3,3,3,3
brick,3,3,3,3
brick,3,3,3,3
brick,3,3,3,3
brick,2,3,3,4
brick,0,0,0,0
brick,0,0,0,0
brick,3,2,3,4
brick,2,2,4,4
brick,2,2,4,4
brick,2,2,4,4
brick,2,2,4,4
brick,2,2,3,4
brick,3,3,4,3
brick,2,2,4,3
brick,2,2,4,3
brick,2,2,4,3
brick,2,2,4,3
brick,2,2,4,3
brick,2,2,4,3
brick,2,2,4,3
brick,2,2,4,3
brick,2,2,4,3
brick,2,3,4,3
brick,2,2,4,3
brick,4,4,4,4
brick,2,2,4,3
brick,2,2,4,3
brick,2,2,4,3
brick,2,2,4,3
brick,2,2,4,3
brick,2,2,4,3
brick,3,3,3,4
brick,3,3,2,2
brick,2,3,5,4
brick,2,3,5,4
brick,4,2,2,3
brick,4,2,2,3
brick,4,2,2,3
brick,5,4,1,1
brick,5,4,1,1
brick,3,2,4,4
brick,0,2,0,5
brick,2,1,2,5
brick,2,2,1,4
brick,2,4,2,2
brick,4,4,2,3
brick,3,2,4,3
brick,3,2,5,4
brick,5,0,1,0
brick,2,2,2,3
brick,0,0,0,0
brick,0,0,0,0
brick,5,3,1,4
brick,4,3,1,3
brick,3,2,5,3
brick,2,2,5,5
brick,0,0,0,0
brick,0,0,0,0
brick,4,3,3,3
brick,4,3,4,2
brick,4,3,4,3
brick,4,3,4,3
brick,4,4,4,3
brick,2,1,5,4
brick,4,2,5,2
brick,4,4,2,1
brick,4,4,2,1
brick,3,3,3,3
brick,3,3,3,3
brick,3,3,3,3
brick,3,3,3,3
brick,3,3,3,3
brick,3,3,3,3
brick,3,3,3,3
brick,4,3,2,2
brick,2,3,4,4
brick,3,4,2,2
brick,3,4,1,2
brick,3,3,2,4
brick,4,3,2,2
brick,4,3,2,2
brick,4,3,2,2
brick,4,3,4,3
brick,4,3,3,2
brick,2,2,5,3
brick,5,4,2,3
brick,4,3,4,3
brick,3,2,4,3
brick,4,3,3,4
brick,2,3,5,4
brick,3,2,5,3
brick,4,3,4,4
brick,4,3,4,4
brick,4,3,4,4
brick,4,3,4,4
brick,4,3,4,4
brick,4,3,4,4
brick,4,3,4,4
brick,4,3,4,4
brick,4,3,4,4
brick,4,3,4,4
brick,4,3,4,4
brick,4,3,4,4
brick,4,3,4,4
brick,4,3,4,4
brick,2,2,5,4
brick,2,2,5,4
brick,2,2,5,4
brick,2,2,5,4
brick,2,2,5,5
brick,2,2,5,5
brick,2,2,5,5
brick,2,2,5,5
brick,2,2,5,5
brick,2,2,5,5
brick,0,4,0,2
brick,3,3,3,3
brick,3,3,3,3
brick,3,3,3,3
brick,3,3,3,3
brick,3,3,3,3
brick,3,3,3,3
brick,3,3,3,3
brick,3,3,3,3
brick,3,3,3,3
brick,3,3,3,3
brick,3,3,3,3
brick,3,3,3,3
brick,3,3,3,3
brick,3,3,3,3
brick,3,3,3,3
brick,3,3,3,3
brick,3,3,3,3
brick,3,3,3,3
brick,3,3,3,3
brick,3,3,3,3
brick,3,3,3,3
brick,3,3,3,3
brick,3,3,3,3
brick,3,3,3,3
brick,3,3,3,3
brick,3,3,3,3
brick,3,3,3,3
brick,3,3,3,3
brick,3,3,3,3
brick,3,3,3,3
brick,3,3,3,3
brick,3,3,3,3
brick,3,3,3,3
brick,3,3,3,3
brick,3,3,3,3
brick,3,3,3,3
brick,3,4,2,1
brick,3,4,2,1
brick,3,4,2,1
brick,3,3,3,3
brick,3,3,3,3
brick,4,4,2,1
brick,2,2,5,4
brick,2,3,5,4
brick,2,2,5,4
brick,2,2,5,4
brick,2,2,5,4
brick,2,2,5,4
brick,2,2,5,4
brick,2,2,5,4
brick,2,2,5,4
brick,2,2,5,4
brick,2,2,5,4
brick,2,2,5,4
brick,2,2,5,4
brick,3,2,5,4
brick,2,2,5,5
brick,2,2,5,4
brick,2,2,5,5
brick,3,2,3,3
brick,3,2,3,3
brick,4,3,3,3
brick,3,0,1,0
brick,4,2,3,3
brick,5,3,5,3
brick,5,3,5,3
brick,3,3,3,4
brick,0,0,0,0
brick,4,3,4,4
brick,2,2,5,3
brick,2,2,5,3
brick,3,2,3,3
brick,2,4,2,1
brick,0,2,0,3
brick,4,4,2,1
brick,2,2,3,3
brick,3,3,3,3
brick,3,2,5,3
brick,3,3,3,4
brick,3,3,3,4
brick,3,3,3,4
brick,3,3,3,4
brick,3,3,3,4
brick,3,4,5,4
brick,3,4,5,3
brick,2,2,5,4
brick,2,2,5,3
brick,4,3,3,3
brick,3,3,4,4
brick,2,1,5,4
brick,2,1,5,4
brick,2,1,5,4
brick,2,1,5,4
brick,2,1,5,4
brick,2,1,5,4
brick,2,2,4,4
brick,2,2,4,4
brick,2,2,4,4
brick,3,2,4,4
brick,3,4,4,4
brick,2,3,3,3
brick,3,3,3,3
brick,0,0,0,0
brick,2,3,3,3
brick,2,3,3,3
brick,2,2,5,4
brick,2,2,5,4
brick,2,2,5,4
brick,2,2,5,4
brick,2,2,5,4
brick,2,2,5,4
brick,2,2,5,4
brick,2,2,5,4
brick,2,2,5,4
brick,2,2,5,4
brick,2,2,5,4
brick,2,2,5,4
brick,2,2,5,4
brick,2,2,5,4
brick,2,2,5,4
brick,2,3,4,4
brick,3,3,5,4
brick,1,1,5,5
brick,1,1,5,5
brick,1,1,5,5
brick,3,1,3,5
brick,1,1,5,5
brick,1,1,5,5
brick,1,1,5,5
brick,1,1,5,5
brick,1,1,5,5
brick,1,1,5,5
brick,1,1,5,5
brick,1,1,5,5
brick,1,1,5,5
brick,1,1,5,5
brick,1,1,5,5
brick,1,1,5,5
brick,1,1,5,5
brick,1,1,5,5
brick,1,1,5,5
brick,1,1,5,5
brick,1,1,5,5
brick,1,1,5,5
brick,1,1,5,5
brick,1,1,5,5
brick,1,1,5,5
brick,1,1,5,5
brick,1,1,5,5
brick,1,1,5,5
brick,1,1,5,5
brick,1,1,5,5
brick,1,1,5,5
brick,1,1,5,5
brick,1,1,5,5
brick,1,1,5,5
brick,1,1,5,5
brick,1,1,5,5
brick,1,1,5,5
brick,1,1,5,5
brick,1,1,5,5
brick,1,1,5,5
brick,1,1,5,5
brick,1,1,5,5
brick,1,1,5,5
brick,1,1,5,5
brick,1,1,5,5
brick,1,1,5,5
brick,1,1,5,5
brick,1,1,5,5
brick,1,1,5,5
brick,1,1,5,5
brick,1,1,5,5
brick,1,1,5,5
brick,1,1,5,5
brick,4,4,4,3
brick,4,4,4,3
brick,4,4,4,3
brick,5,4,5,3
brick,4,4,4,3
brick,2,2,3,4
brick,3,3,2,4
brick,4,4,4,4
brick,4,4,4,4
brick,0,0,0,0
brick,0,3,0,3
brick,0,0,0,0
brick,2,2,5,4
brick,2,3,4,3
brick,3,3,5,4
brick,5,0,1,0
brick,3,2,4,3
brick,0,0,0,0
brick,0,0,0,0
brick,2,3,5,4
brick,2,3,5,4
brick,2,3,5,4
brick,3,4,3,2
brick,3,2,4,4
brick,3,1,5,5
brick,5,4,3,4
brick,0,0,0,0
brick,4,4,5,3
brick,2,2,5,4
brick,2,2,5,4
brick,2,2,5,4
brick,3,2,5,4
brick,4,3,3,2
brick,4,3,3,2
brick,4,3,3,2
brick,4,3,5,3
brick,2,2,5,4
brick,2,2,5,4
brick,2,2,5,4
brick,2,2,5,4
brick,2,2,4,4
brick,4,3,5,2
brick,2,2,5,4
brick,2,2,5,4
brick,2,2,5,4
brick,2,3,4,5
brick,2,3,4,4
brick,2,3,4,4
brick,2,3,4,4
brick,2,3,4,4
brick,2,3,4,4
brick,2,3,4,4
brick,2,3,4,4
brick,2,3,4,4
brick,2,3,4,4
brick,2,3,4,4
brick,2,3,4,4
brick,2,3,4,4
brick,2,3,4,4
brick,2,3,4,4
brick,2,3,4,4
brick,2,3,4,4
brick,2,3,4,4
brick,2,3,4,4
brick,2,3,4,4
brick,2,3,4,5
brick,2,3,4,5
brick,2,3,4,5
brick,3,3,4,3
brick,4,0,3,0
brick,3,2,5,3
brick,4,3,2,3
brick,3,2,3,4
brick,3,2,3,4
brick,3,2,3,4
brick,3,2,3,4
brick,2,2,4,4
brick,2,2,4,5
brick,2,2,5,4
brick,2,2,5,4
brick,0,2,0,4
brick,2,2,5,4
brick,2,2,5,4
brick,3,2,5,4
brick,3,2,5,4
brick,2,2,5,4
brick,2,2,5,4
brick,2,2,5,4
brick,2,2,5,4
brick,2,2,5,4
brick,2,2,5,4
brick,2,2,5,4
brick,2,2,5,4
brick,2,2,5,4
brick,2,2,5,4
brick,2,2,5,5
brick,2,2,5,4
brick,2,2,5,5
brick,2,2,5,5
brick,2,2,5,5
brick,2,2,5,5
brick,2,2,5,5
brick,2,2,5,5
brick,2,2,5,5
brick,2,2,5,5
brick,2,2,5,5
brick,2,2,5,5
brick,2,2,5,5
brick,2,2,5,5
brick,2,2,5,5
brick,2,2,5,5
brick,2,2,5,5
brick,2,2,5,5
brick,2,2,5,5
brick,2,2,5,5
brick,2,2,5,5
brick,2,2,5,5
brick,2,2,5,4
brick,2,2,5,2
brick,4,4,2,3
brick,2,2,4,4
brick,2,2,4,3
brick,2,2,4,3
brick,4,2,3,4
brick,4,2,3,4
brick,4,2,3,4
brick,4,2,3,4
brick,4,2,4,4
brick,2,2,3,4
brick,2,3,5,3
brick,2,3,5,3
brick,2,3,5,3
brick,2,3,5,3
brick,2,3,5,3
brick,2,3,5,3
brick,2,3,5,3
brick,2,3,5,3
brick,2,3,5,3
brick,2,3,5,3
brick,2,3,5,3
brick,2,3,5,3
brick,2,3,5,3
brick,2,2,3,4
brick,2,2,4,4
brick,2,2,5,5
brick,2,2,5,5
brick,2,2,5,5
brick,2,2,5,5
brick,2,2,5,5
brick,2,2,5,4
brick,2,3,5,5
brick,2,3,4,5
brick,3,2,3,3
brick,2,2,5,5
brick,2,2,5,5
brick,2,2,5,3
brick,2,2,5,5
brick,2,2,5,5
brick,4,4,1,3
brick,4,4,1,3
brick,0,2,0,3
brick,4,4,1,3
brick,3,2,3,3
brick,5,5,1,1
brick,2,2,5,5
brick,0,0,0,0
brick,4,3,3,3
brick,2,2,5,4
brick,2,2,5,4
brick,2,2,5,4
brick,2,2,5,4
brick,2,2,5,4
brick,2,2,5,4
brick,2,2,5,4
brick,2,2,3,4
brick,2,2,3,4
brick,2,2,4,4
brick,2,2,4,4
brick,3,3,2,3
brick,2,3,2,3
brick,4,3,3,4
brick,5,2,3,4
brick,3,2,3,4
brick,3,2,4,4
brick,2,3,5,4
brick,2,2,5,4
brick,2,2,5,4
brick,2,2,5,4
brick,2,2,5,4
brick,2,2,5,4
brick,2,2,5,4
brick,4,4,1,2
brick,2,2,5,4
brick,2,2,5,4
brick,2,2,5,4
brick,2,3,3,4
brick,2,3,3,4
brick,3,2,3,3
brick,4,4,2,2
brick,4,4,2,2
brick,4,4,2,2
brick,4,4,2,2
brick,3,3,4,3
brick,2,3,5,3
brick,3,3,5,4
brick,3,2,2,4
brick,0,2,0,5
brick,2,2,5,4
brick,2,2,5,4
brick,2,2,5,4
brick,2,2,5,4
brick,2,2,5,4
brick,2,2,5,4
brick,2,2,5,4
brick,2,2,5,4
brick,2,2,5,4
brick,2,2,5,4
brick,2,2,5,4
brick,2,2,5,4
brick,2,2,5,4
brick,2,2,5,4
brick,2,2,5,4
brick,2,2,5,4
brick,2,2,5,4
brick,2,2,5,4
brick,2,2,5,4
brick,2,2,5,4
brick,2,2,5,4
brick,2,2,5,4
brick,2,2,5,4
brick,2,4,5,3
brick,2,2,5,4
brick,2,2,5,4
brick,2,2,5,5
brick,2,2,5,4
brick,0,0,0,0
brick,0,0,0,0
brick,0,0,0,0
brick,5,2,5,3
brick,5,3,3,3
brick,2,3,3,3
brick,0,0,0,0
brick,3,3,4,4
brick,0,0,0,0
brick,0,0,0,0
brick,4,5,3,2
brick,4,2,2,3
brick,4,4,3,3
brick,0,2,0,4
brick,3,0,3,0
brick,0,0,0,0
brick,4,3,4,4
brick,4,3,4,4
brick,3,4,1,3
brick,4,3,2,3
brick,2,3,2,3
brick,2,2,5,4
brick,2,2,5,4
brick,2,2,5,4
brick,2,2,5,4
brick,2,2,5,4
brick,2,2,5,4
brick,2,2,5,4
brick,2,2,5,4
brick,2,2,5,4
brick,2,2,5,4
brick,2,2,5,4
brick,2,2,5,4
brick,2,2,5,4
brick,2,2,5,4
brick,2,2,5,4
brick,2,2,5,4
brick,2,2,5,4
brick,2,2,5,4
brick,2,2,5,4
brick,2,2,5,4
brick,2,2,5,4
brick,2,2,5,4
brick,2,2,5,4
brick,2,2,5,4
brick,0,0,0,0
brick,0,3,0,4
brick,0,0,0,0
brick,3,3,5,3
brick,3,2,5,3
brick,2,2,5,4
brick,3,2,3,2
brick,3,3,2,3
brick,3,3,2,3
brick,3,3,3,3
brick,3,3,3,3
brick,3,3,3,3
brick,4,3,3,3
brick,2,3,4,3
brick,3,3,3,3
brick,2,3,4,3
brick,3,3,3,3
brick,3,3,3,3
brick,3,3,3,3
brick,3,3,3,3
brick,3,3,3,3
brick,3,3,3,3
brick,4,5,2,2
brick,1,1,5,4
brick,2,3,5,3
brick,1,1,5,4
brick,1,1,5,5
brick,1,1,5,5
brick,3,2,4,3
brick,4,3,4,3
brick,3,4,2,3
brick,3,4,2,3
brick,3,4,2,3
brick,3,4,2,3
brick,3,4,2,3
brick,3,4,2,3
brick,3,3,4,4
brick,3,3,4,4
brick,3,3,4,4
brick,3,3,4,4
brick,3,3,4,4
brick,3,3,4,4
brick,3,3,4,4
brick,3,3,4,4
brick,2,2,3,4
brick,2,2,3,4
brick,2,2,3,4
brick,1,1,5,5
brick,1,1,5,5
brick,1,1,5,5
brick,1,1,5,5
brick,1,1,5,5
brick,1,1,5,5
brick,1,1,5,5
brick,1,1,5,5
brick,1,1,5,5
brick,1,1,5,5
brick,1,1,5,5
brick,1,1,5,5
brick,2,1,4,4
brick,2,3,5,4
brick,2,3,1,4
brick,2,3,4,4
brick,2,3,4,3
brick,2,3,4,4
brick,3,3,2,3
brick,0,0,0,0
brick,0,0,0,0
brick,3,3,3,3
brick,0,3,0,3
brick,4,3,2,2
brick,2,2,5,3
brick,2,2,5,3
brick,2,2,5,3
brick,2,2,5,3
brick,2,2,5,3
brick,2,2,5,3
brick,2,2,5,3
brick,2,2,5,3
brick,2,2,5,3
brick,2,2,5,3
brick,2,2,5,3
brick,2,2,5,3
brick,2,2,5,3
brick,2,2,5,3
brick,2,2,5,3
brick,2,2,5,3
brick,2,2,5,3
brick,2,2,5,3
brick,2,2,5,3
brick,2,2,5,3
brick,2,2,5,3
brick,2,2,5,3
brick,2,2,5,3
brick,2,2,5,4
brick,0,4,0,2
brick,2,3,5,4
brick,3,2,4,4
brick,3,2,4,4
brick,3,2,4,4
brick,3,2,4,4
brick,3,2,4,4
brick,3,2,3,4
brick,3,2,3,4
brick,2,2,3,4
brick,2,2,3,4
brick,2,2,3,4
brick,2,2,3,4
brick,2,2,3,4
brick,4,2,2,3
brick,4,2,2,3
brick,4,2,2,3
brick,2,2,5,3
brick,2,2,5,3
brick,3,3,4,3
brick,3,3,4,3
brick,3,3,4,3
brick,2,3,4,4
brick,0,0,0,0
brick,2,2,5,3
brick,0,4,0,2
brick,2,2,5,4
brick,3,3,4,3
brick,3,3,4,3
brick,3,3,4,3
brick,3,3,4,3
brick,3,3,4,3
brick,3,3,4,3
brick,3,3,4,3
brick,3,3,4,3
brick,3,3,4,3
brick,3,3,4,3
brick,3,3,4,3
brick,3,3,4,3
brick,3,3,4,3
brick,3,3,4,3
brick,3,3,4,3
brick,3,3,4,3
brick,3,3,4,3
brick,3,3,4,3
brick,3,3,4,3
brick,3,3,4,2
brick,3,3,4,3
brick,4,3,3,2
brick,3,3,4,3
brick,3,3,4,3
brick,3,3,4,3
brick,3,3,4,3
brick,3,3,4,3
brick,3,3,4,3
brick,3,4,4,4
brick,2,3,4,4
brick,2,3,4,4
brick,2,2,5,4
brick,2,3,5,4
brick,2,3,5,4
brick,1,3,5,4
brick,2,3,5,4
brick,2,3,5,4
brick,2,3,5,4
brick,2,3,5,3
brick,2,2,5,4
brick,2,2,5,4
brick,2,2,5,4
brick,2,2,5,4
brick,2,2,5,4
brick,2,2,5,4
brick,2,2,5,4
brick,2,2,5,4
brick,2,2,5,4
brick,2,2,5,4
brick,2,2,5,4
brick,2,2,5,4
brick,2,2,5,4
brick,2,2,5,4
brick,4,4,1,1
brick,0,0,0,0
brick,0,0,0,0
brick,0,3,0,3
brick,2,2,5,4
brick,1,2,5,4
brick,2,2,5,3
brick,2,2,4,3
brick,2,2,4,3
brick,2,2,4,3
brick,2,3,5,3
brick,2,3,5,3
brick,0,0,0,0
brick,1,2,5,4
brick,1,2,5,4
brick,1,2,5,4
brick,1,2,5,4
brick,1,2,5,4
brick,1,2,5,4
brick,1,2,5,4
brick,1,2,5,4
brick,0,0,0,0
brick,2,2,4,3
brick,0,2,0,2
brick,1,1,5,5
brick,1,1,5,5
brick,1,1,5,5
brick,1,1,5,5
brick,1,1,5,5
brick,1,1,5,4
brick,3,3,4,3
brick,2,1,4,4
brick,1,1,4,4
brick,3,3,2,3
brick,2,3,2,2
brick,4,3,2,3
brick,2,3,3,3
brick,3,3,3,3
brick,0,0,0,0
brick,2,2,4,4
brick,2,3,4,4
brick,2,2,4,4
brick,2,2,4,4
brick,2,2,4,4
brick,2,3,3,4
brick,2,3,3,4
brick,2,3,3,4
brick,2,3,3,4
brick,2,3,3,4
brick,2,3,3,4
brick,2,3,3,4
brick,2,3,3,4
brick,2,3,3,4
brick,2,3,3,4
brick,2,3,3,4
brick,2,3,3,4
brick,2,3,3,4
brick,2,3,3,4
brick,2,3,3,4
brick,2,3,3,4
brick,2,3,3,4
brick,2,3,3,4
brick,2,3,3,4
brick,2,3,3,4
brick,2,3,3,4
brick,2,3,3,4
brick,2,3,3,4
brick,2,3,3,4
brick,2,3,3,4
brick,1,1,5,5
brick,1,1,5,5
brick,1,1,5,5
brick,1,1,5,5
brick,1,1,5,5
brick,1,1,5,5
brick,1,1,5,5
brick,1,1,5,5
brick,3,3,3,4
brick,0,0,0,0
brick,0,0,0,0
brick,3,3,3,2
brick,2,3,3,4
brick,1,1,5,5
brick,1,1,5,5
brick,1,1,5,5
brick,1,1,5,5
brick,1,1,5,5
brick,1,1,5,5
brick,1,1,5,5
brick,1,1,5,5
brick,1,1,5,5
brick,1,1,5,5
brick,1,1,5,5
brick,1,1,5,5
brick,1,1,5,5
brick,1,1,5,5
brick,1,1,5,5
brick,0,1,0,5
brick,2,2,4,3
brick,2,2,4,3
brick,2,2,4,3
brick,2,2,4,3
brick,2,2,4,3
brick,2,2,4,3
brick,2,2,4,3
brick,2,0,4,0
brick,0,0,0,0
brick,0,0,0,0
brick,0,0,0,0
brick,2,3,3,4
brick,2,3,3,4
brick,2,3,3,4
brick,2,3,3,4
brick,2,3,3,4
brick,2,3,3,4
brick,2,3,3,4
brick,2,3,3,4
brick,2,3,3,4
brick,2,3,3,4
brick,2,3,3,4
brick,2,3,3,4
brick,2,3,3,4
brick,2,3,3,4
brick,2,3,3,4
brick,2,3,3,4
brick,2,3,3,4
brick,2,3,3,4
brick,2,3,3,4
brick,2,3,3,4
brick,2,3,3,4
brick,2,3,3,4
brick,2,2,5,4
brick,2,2,5,4
brick,2,3,4,4
brick,2,2,4,4
brick,3,4,5,3
brick,2,2,4,4
brick,2,2,5,4
brick,2,2,5,4
brick,2,3,3,4
brick,2,3,3,4
brick,2,3,3,4
brick,3,0,1,0
brick,3,0,1,0
brick,0,0,0,0
brick,3,3,5,4
brick,2,4,5,4
brick,2,3,5,3
brick,0,0,0,0
brick,5,0,1,0
brick,4,0,1,0
brick,4,5,2,2
brick,1,1,5,5
brick,1,1,5,5
brick,1,1,5,5
brick,1,1,5,5
brick,1,1,5,5
brick,2,2,5,5
brick,3,3,5,4
brick,3,3,5,4
brick,2,2,5,4
brick,2,2,5,4
brick,2,2,5,3
brick,2,2,5,5
brick,2,2,5,5
brick,2,2,5,5
brick,3,3,5,4
brick,3,3,3,4
brick,3,3,3,4
brick,3,3,3,4
brick,3,3,5,4
brick,3,3,3,4
brick,3,3,3,4
brick,3,3,5,4
brick,3,3,5,4
brick,3,3,3,4
brick,4,3,5,4
brick,4,3,5,4
brick,4,4,5,4
brick,4,3,5,4
brick,5,5,1,1
brick,5,5,1,1
brick,5,5,1,1
brick,3,3,3,4
brick,2,3,3,4
brick,3,2,5,4
brick,3,3,3,3
brick,4,3,3,3
brick,3,3,3,3
brick,2,1,5,4
brick,3,2,5,3
brick,1,2,4,3
brick,0,0,0,0
brick,0,0,0,0
brick,0,0,0,0
brick,2,3,3,4
brick,2,3,3,4
brick,1,2,4,4
brick,1,2,4,4
brick,1,2,4,4
brick,1,2,4,4
brick,1,2,5,4
brick,1,2,4,4
brick,1,2,5,4
brick,1,2,5,4
brick,1,2,5,4
brick,1,2,5,4
brick,1,2,5,4
brick,1,2,5,4
brick,1,2,5,4
brick,1,2,5,4
brick,1,2,5,4
brick,1,2,4,4
brick,2,2,5,3
brick,2,3,5,3
brick,2,3,5,4
brick,2,3,5,4
brick,2,3,5,4
brick,2,1,4,5
brick,2,1,4,5
brick,2,1,4,5
brick,2,1,4,5
brick,2,1,4,5
brick,2,1,4,5
brick,2,1,4,5
brick,2,1,4,5
brick,2,1,4,5
brick,2,1,4,5
brick,2,1,4,5
brick,2,2,4,5
brick,2,1,4,5
brick,2,4,3,2
brick,2,4,4,2
brick,3,3,5,3
brick,0,0,0,0
brick,4,1,5,4
brick,4,1,2,4
brick,4,1,2,4
brick,4,1,2,4
brick,4,1,2,4
brick,2,1,5,5
brick,4,3,3,2
brick,2,1,5,5
brick,1,2,5,4
brick,2,1,5,5
brick,1,2,4,5
brick,2,2,5,4
brick,2,2,5,4
brick,2,2,5,5
brick,2,2,5,5
brick,2,2,5,5
brick,2,3,4,3
brick,0,0,0,0
brick,3,3,4,4
brick,4,4,4,3
brick,0,2,0,4
brick,0,3,0,5
brick,0,3,0,4
brick,4,4,5,4
brick,2,2,5,3
brick,2,3,5,3
brick,2,2,5,3
brick,2,2,5,3
brick,2,2,5,3
brick,2,2,5,3
brick,2,2,5,3
brick,2,2,5,5
brick,1,1,5,4
brick,3,3,2,2
brick,2,3,3,4
brick,2,3,3,4
brick,2,3,3,4
brick,2,3,3,4
brick,2,3,4,3
brick,4,4,3,2
brick,2,3,4,3
brick,2,2,4,4
brick,3,2,4,3
brick,3,4,5,4
brick,2,2,4,4
brick,2,2,4,4
brick,2,2,4,4
brick,2,2,4,4
brick,2,2,4,4
brick,2,2,4,4
brick,2,2,4,4
brick,2,2,4,4
brick,2,2,4,4
brick,2,2,4,4
brick,2,2,4,4
brick,2,2,4,4
brick,2,2,4,4
brick,2,2,4,4
brick,2,2,4,4
brick,2,2,4,4
brick,2,2,4,4
brick,2,2,4,4
brick,2,2,4,4
brick,2,2,4,4
brick,2,2,4,4
brick,2,2,4,4
brick,2,2,4,4
brick,4,4,4,2
brick,3,2,5,3
brick,3,2,5,3
brick,3,2,5,3
brick,3,2,5,3
brick,4,4,4,3
brick,4,2,4,3
brick,2,2,4,4
brick,2,2,4,4
brick,2,2,4,4
brick,2,2,4,4
brick,2,2,5,4
brick,2,2,5,3
brick,2,2,5,3
brick,2,2,5,3
brick,2,0,2,0
brick,3,2,4,3
brick,3,2,4,3
brick,3,2,4,3
brick,3,3,3,3
brick,3,3,3,3
brick,3,3,3,3
brick,3,3,3,3
brick,3,3,3,3
brick,3,3,3,3
brick,3,3,3,3
brick,3,3,3,3
brick,2,2,4,4
brick,2,2,4,4
brick,2,2,4,4
brick,3,2,5,3
brick,3,4,3,2
brick,3,3,2,3
brick,3,3,2,3
brick,3,3,5,3
brick,3,3,2,3
brick,3,3,2,3
brick,3,3,3,3
brick,2,2,5,3
brick,2,2,5,4
brick,2,2,5,4
brick,2,2,5,4
brick,4,3,4,4
brick,4,3,4,4
brick,4,3,4,4
brick,2,3,5,4
brick,2,3,4,4
brick,5,4,3,3
brick,2,3,5,4
brick,4,3,3,3
brick,2,4,4,3
brick,2,4,4,3
brick,1,1,5,5
brick,1,1,5,5
brick,1,1,5,5
brick,1,1,5,5
brick,1,1,5,5
brick,1,1,5,5
brick,1,1,5,5
brick,1,1,5,5
brick,1,1,5,5
brick,1,1,5,5
brick,1,1,5,5
brick,1,1,5,5
brick,2,2,5,2
brick,2,2,5,2
brick,2,4,3,2
brick,2,4,3,2
brick,2,4,3,2
brick,2,2,4,4
brick,2,4,3,2
brick,2,4,3,2
brick,2,2,4,4
brick,2,2,4,4
brick,2,2,4,4
brick,3,3,3,2
brick,2,3,2,2
brick,3,3,3,4
brick,0,2,0,2
brick,2,2,5,3
brick,2,2,5,4
brick,4,4,1,2
brick,3,3,4,3
brick,3,2,4,4
brick,2,2,4,4
brick,1,2,5,4
brick,4,0,2,0
brick,2,2,5,4
brick,0,1,0,5
brick,2,1,5,5
brick,2,2,5,4
brick,2,2,4,4
brick,2,2,4,4
brick,2,2,4,4
brick,2,2,4,4
brick,2,2,4,4
brick,2,2,4,4
brick,2,2,4,4
brick,2,2,4,4
brick,2,2,4,4
brick,2,2,4,4
brick,2,2,4,4
brick,2,2,4,4
brick,2,2,4,4
brick,2,2,4,4
brick,2,2,4,4
brick,2,2,4,4
brick,2,2,4,4
brick,2,2,4,4
brick,2,2,4,4
brick,2,2,4,4
brick,2,2,4,4
brick,2,2,4,4
brick,2,2,4,4
brick,2,2,4,4
brick,2,2,4,4
brick,2,2,4,4
brick,2,2,4,4
brick,2,2,4,4
brick,2,2,4,4
brick,2,2,4,4
brick,2,2,4,4
brick,2,2,4,4
brick,2,2,4,4
brick,2,2,4,4
brick,2,2,4,4
brick,2,2,4,4
brick,2,2,4,4
brick,2,2,4,4
brick,2,2,4,4
brick,2,2,4,4
brick,3,3,5,4
brick,2,2,5,2
brick,2,3,4,4
brick,2,3,4,4
brick,2,3,4,4
brick,1,2,5,4
brick,1,2,5,4
brick,4,5,2,1
brick,0,0,0,0
brick,0,0,0,0
brick,2,3,5,4
brick,0,0,0,0
brick,1,1,5,5
brick,1,1,5,5
brick,1,1,5,5
brick,2,2,5,4
brick,1,1,5,5
brick,1,1,5,5
brick,1,1,5,5
brick,1,1,5,5
brick,3,3,4,4
brick,3,0,1,0
brick,2,3,4,3
brick,0,2,0,3
brick,0,2,0,3
brick,4,1,1,4
brick,2,3,5,4
brick,2,3,5,4
brick,2,3,5,4
brick,0,0,0,0
brick,2,3,4,3
brick,2,3,4,3
brick,2,3,4,3
brick,2,2,5,4
brick,3,3,2,3
brick,3,3,2,3
brick,2,1,4,4
brick,2,3,3,4
brick,0,0,0,0
brick,0,1,0,5
brick,2,2,5,4
brick,2,2,5,4
brick,2,0,5,0
brick,2,2,4,4
brick,2,2,4,4
brick,2,2,4,4
brick,2,2,4,4
brick,2,2,4,4
brick,2,2,4,4
brick,2,2,4,5
brick,2,2,4,5
brick,2,2,4,5
brick,2,2,4,5
brick,2,2,4,5
brick,4,3,5,5
brick,4,4,3,5
brick,2,2,5,5
brick,2,2,5,5
brick,2,2,5,5
brick,2,2,5,5
brick,2,2,5,5
brick,2,2,5,5
brick,2,2,5,5
brick,2,2,5,5
brick,2,2,5,5
brick,2,2,5,5
brick,2,0,5,0
brick,4,4,5,2
brick,0,0,0,0
brick,0,0,0,0
brick,0,0,0,0
brick,0,0,0,0
brick,0,0,0,0
brick,0,0,0,0
paperclip,1,1,4,5
paperclip,0,0,0,0
paperclip,4,4,4,3
paperclip,3,3,3,2
paperclip,3,3,3,2
paperclip,5,4,4,3
paperclip,3,3,4,4
paperclip,3,3,3,4
paperclip,3,3,3,4
paperclip,0,0,0,0
paperclip,4,3,3,2
paperclip,0,4,0,3
paperclip,3,3,3,3
paperclip,4,4,4,3
paperclip,4,3,3,3
paperclip,3,2,4,3
paperclip,3,2,4,3
paperclip,0,0,0,0
paperclip,3,3,4,4
paperclip,3,3,4,4
paperclip,3,3,4,4
paperclip,3,3,4,4
paperclip,3,3,4,4
paperclip,3,3,4,4
paperclip,3,3,4,4
paperclip,3,3,4,4
paperclip,3,3,4,4
paperclip,3,3,4,4
paperclip,3,3,4,4
paperclip,3,3,4,4
paperclip,3,3,4,4
paperclip,3,3,4,4
paperclip,3,3,4,4
paperclip,4,3,4,4
paperclip,3,3,4,4
paperclip,3,3,4,4
paperclip,3,3,4,4
paperclip,4,4,4,4
paperclip,4,0,4,0
paperclip,4,5,3,2
paperclip,0,0,0,0
paperclip,0,0,0,0
paperclip,0,0,0,0
paperclip,0,0,0,0
paperclip,0,0,0,0
paperclip,0,0,0,0
paperclip,0,0,0,0
paperclip,3,3,3,4
paperclip,4,4,2,1
paperclip,4,4,4,3
paperclip,2,2,4,5
paperclip,3,2,4,4
paperclip,2,2,4,5
paperclip,2,2,4,5
paperclip,4,3,4,4
paperclip,3,2,3,4
paperclip,4,3,4,3
paperclip,0,0,0,0
paperclip,3,3,3,3
paperclip,3,3,3,3
paperclip,4,3,3,3
paperclip,4,3,3,3
paperclip,4,3,3,3
paperclip,3,3,3,2
paperclip,3,4,3,3
paperclip,3,4,3,3
paperclip,3,4,3,3
paperclip,2,2,4,4
paperclip,4,3,5,4
paperclip,4,3,5,4
paperclip,4,3,5,4
paperclip,4,3,5,4
paperclip,4,3,5,4
paperclip,4,3,5,4
paperclip,4,3,5,4
paperclip,4,3,5,4
paperclip,4,4,3,3
paperclip,0,1,0,4
paperclip,3,2,3,4
paperclip,3,2,3,4
paperclip,3,2,3,4
paperclip,3,2,3,4
paperclip,0,1,0,0
paperclip,1,1,5,5
paperclip,1,1,5,5
paperclip,1,1,5,5
paperclip,1,1,5,5
paperclip,3,2,4,5
paperclip,4,4,4,4
paperclip,1,1,5,5
paperclip,1,1,5,5
paperclip,1,1,5,5
paperclip,1,1,5,5
paperclip,2,1,5,5
paperclip,2,1,5,5
paperclip,3,2,4,5
paperclip,4,3,4,3
paperclip,3,3,5,4
paperclip,3,3,5,4
paperclip,0,0,0,0
paperclip,2,3,5,5
paperclip,2,3,5,5
paperclip,2,3,5,5
paperclip,2,3,5,5
paperclip,2,3,5,5
paperclip,2,3,5,5
paperclip,2,3,5,5
paperclip,2,3,5,5
paperclip,2,3,5,5
paperclip,2,3,5,5
paperclip,2,3,5,5
paperclip,2,3,5,5
paperclip,4,4,4,4
paperclip,4,3,4,4
paperclip,4,4,2,2
paperclip,2,2,4,4
paperclip,3,2,2,4
paperclip,3,2,2,4
paperclip,0,0,0,0
paperclip,4,4,4,3
paperclip,0,0,0,0
paperclip,0,0,0,0
paperclip,3,1,3,4
paperclip,3,3,4,4
paperclip,4,3,3,3
paperclip,4,3,3,3
paperclip,3,3,4,4
paperclip,3,3,4,4
paperclip,3,3,4,4
paperclip,3,3,4,4
paperclip,3,3,4,4
paperclip,3,2,3,4
paperclip,3,2,5,4
paperclip,3,2,5,4
paperclip,0,1,0,5
paperclip,1,1,4,5
paperclip,1,1,4,5
paperclip,3,3,4,3
paperclip,3,1,4,5
paperclip,3,3,4,4
paperclip,3,3,3,3
paperclip,3,1,3,3
paperclip,3,1,3,0
paperclip,2,3,5,4
paperclip,4,3,2,1
paperclip,0,0,0,0
paperclip,3,3,4,4
paperclip,3,2,5,4
paperclip,2,3,4,4
paperclip,3,3,4,4
paperclip,0,0,0,0
paperclip,1,1,5,5
paperclip,1,1,5,5
paperclip,1,1,5,5
paperclip,1,1,5,5
paperclip,1,1,5,5
paperclip,2,2,5,4
paperclip,3,4,2,3
paperclip,0,0,0,0
paperclip,0,0,0,0
paperclip,4,0,1,0
paperclip,3,3,4,4
paperclip,4,4,3,1
paperclip,3,3,4,3
paperclip,0,0,0,0
paperclip,3,3,4,5
paperclip,3,3,5,4
paperclip,3,3,3,3
paperclip,3,3,3,3
paperclip,3,3,3,3
paperclip,3,3,3,3
paperclip,3,3,3,3
paperclip,3,3,3,3
paperclip,3,3,4,3
paperclip,3,3,4,3
paperclip,4,3,4,3
paperclip,4,3,4,3
paperclip,4,3,4,3
paperclip,4,3,4,3
paperclip,4,3,4,3
paperclip,4,3,4,3
paperclip,4,3,4,3
paperclip,4,3,4,3
paperclip,4,3,4,3
paperclip,4,3,4,3
paperclip,4,3,4,3
paperclip,4,3,4,3
paperclip,4,3,4,3
paperclip,4,3,4,3
paperclip,4,3,4,3
paperclip,4,3,4,3
paperclip,4,3,4,3
paperclip,4,3,4,3
paperclip,4,3,4,4
paperclip,4,3,4,3
paperclip,4,3,4,3
paperclip,4,3,4,3
paperclip,4,3,4,3
paperclip,4,3,4,3
paperclip,4,3,4,3
paperclip,4,3,4,3
paperclip,4,3,4,3
paperclip,4,3,4,3
paperclip,4,3,4,3
paperclip,4,3,4,3
paperclip,0,0,0,0
paperclip,0,0,0,0
paperclip,3,2,4,4
paperclip,3,2,4,4
paperclip,3,3,4,4
paperclip,3,2,4,4
paperclip,3,2,4,4
paperclip,3,2,4,4
paperclip,3,2,4,4
paperclip,3,2,4,4
paperclip,3,2,4,4
paperclip,3,2,4,4
paperclip,3,2,4,4
paperclip,3,2,4,4
paperclip,3,2,4,4
paperclip,3,2,4,4
paperclip,2,2,4,4
paperclip,3,2,4,4
paperclip,3,2,4,4
paperclip,1,1,5,4
paperclip,3,3,3,3
paperclip,3,3,3,4
paperclip,2,2,4,4
paperclip,2,2,4,4
paperclip,2,2,4,4
paperclip,2,2,4,4
paperclip,2,2,4,4
paperclip,2,2,4,4
paperclip,3,3,3,3
paperclip,3,3,4,4
paperclip,5,5,4,4
paperclip,1,1,5,4
paperclip,1,1,5,4
paperclip,0,1,0,4
paperclip,0,1,0,4
paperclip,4,4,3,3
paperclip,2,2,4,4
paperclip,3,2,5,4
paperclip,3,2,4,4
paperclip,3,2,3,3
paperclip,3,2,4,3
paperclip,3,2,4,4
paperclip,3,3,4,4
paperclip,4,3,5,4
paperclip,3,3,2,3
paperclip,3,3,2,3
paperclip,3,3,2,3
paperclip,3,3,5,4
paperclip,0,2,0,4
paperclip,3,2,4,4
paperclip,3,2,4,4
paperclip,3,2,4,4
paperclip,3,2,4,4
paperclip,3,2,4,4
paperclip,2,2,4,4
paperclip,2,2,4,4
paperclip,2,2,4,5
paperclip,2,2,4,5
paperclip,2,2,4,5
paperclip,2,2,4,5
paperclip,2,2,4,4
paperclip,2,2,4,4
paperclip,3,3,5,4
paperclip,1,1,5,4
paperclip,1,1,5,4
paperclip,2,2,4,4
paperclip,3,3,4,4
paperclip,3,3,4,4
paperclip,3,3,4,4
paperclip,3,3,4,4
paperclip,3,3,4,4
paperclip,2,2,4,4
paperclip,2,2,4,4
paperclip,3,3,3,3
paperclip,3,3,4,5
paperclip,3,3,4,3
paperclip,4,3,3,4
paperclip,3,3,4,4
paperclip,3,3,4,4
paperclip,3,3,4,4
paperclip,3,2,4,4
paperclip,3,2,4,4
paperclip,3,2,4,4
paperclip,3,2,4,4
paperclip,3,2,4,4
paperclip,0,0,0,0
paperclip,3,2,2,2
paperclip,4,3,5,4
paperclip,3,3,5,4
paperclip,4,3,5,4
paperclip,0,0,0,0
paperclip,0,0,0,0
paperclip,4,4,4,3
paperclip,3,3,3,3
paperclip,3,3,3,3
paperclip,3,3,3,3
paperclip,3,3,3,3
paperclip,3,3,3,3
paperclip,3,3,3,3
paperclip,3,3,3,3
paperclip,3,3,2,3
paperclip,3,3,4,3
paperclip,3,3,4,4
paperclip,3,2,3,3
paperclip,4,4,3,3
paperclip,4,4,1,3
paperclip,4,5,2,3
paperclip,4,3,2,1
paperclip,0,1,0,1
paperclip,0,3,0,1
paperclip,0,2,0,4
paperclip,4,2,3,4
paperclip,4,2,3,4
paperclip,4,2,3,4
paperclip,4,2,3,4
paperclip,4,2,3,4
paperclip,4,2,3,4
paperclip,4,2,3,4
paperclip,4,2,3,4
paperclip,4,2,3,4
paperclip,3,2,4,4
paperclip,4,2,3,3
paperclip,3,4,4,5
paperclip,4,4,4,3
paperclip,2,2,4,5
paperclip,2,2,4,5
paperclip,2,2,4,5
paperclip,3,2,4,5
paperclip,2,2,4,5
paperclip,2,2,4,5
paperclip,2,2,4,5
paperclip,2,2,4,5
paperclip,2,2,4,5
paperclip,2,2,4,5
paperclip,2,2,4,5
paperclip,2,2,4,5
paperclip,2,2,4,5
paperclip,2,2,4,5
paperclip,2,2,4,5
paperclip,3,2,4,4
paperclip,3,2,4,5
paperclip,2,2,4,5
paperclip,2,2,4,5
paperclip,2,2,4,5
paperclip,2,2,4,5
paperclip,2,2,4,5
paperclip,2,2,4,5
paperclip,2,2,4,5
paperclip,2,2,4,5
paperclip,2,2,4,5
paperclip,2,2,4,5
paperclip,2,2,4,5
paperclip,3,2,3,5
paperclip,3,2,3,5
paperclip,2,2,4,5
paperclip,2,2,4,5
paperclip,2,2,4,5
paperclip,2,2,4,5
paperclip,0,1,0,5
paperclip,0,0,0,0
paperclip,4,3,3,3
paperclip,3,3,4,3
paperclip,3,2,4,4
paperclip,3,2,4,4
paperclip,3,2,4,4
paperclip,3,2,4,4
paperclip,0,0,0,0
paperclip,3,3,3,3
paperclip,3,3,3,3
paperclip,3,3,3,3
paperclip,3,3,4,4
paperclip,4,5,3,2
paperclip,4,3,3,4
paperclip,2,0,3,0
paperclip,3,1,3,5
paperclip,3,1,3,5
paperclip,3,1,3,5
paperclip,3,1,3,5
paperclip,3,1,3,5
paperclip,3,2,4,4
paperclip,3,2,4,2
paperclip,2,3,4,4
paperclip,2,2,3,3
paperclip,4,3,3,4
paperclip,3,3,3,4
paperclip,0,0,0,0
paperclip,3,3,3,4
paperclip,3,3,3,4
paperclip,3,3,3,4
paperclip,2,3,4,4
paperclip,2,3,4,4
paperclip,3,3,4,4
paperclip,3,3,4,4
paperclip,3,3,4,4
paperclip,2,3,4,4
paperclip,2,3,4,4
paperclip,2,3,4,4
paperclip,2,3,4,4
paperclip,2,3,4,4
paperclip,3,3,4,4
paperclip,3,3,4,4
paperclip,3,3,4,4
paperclip,3,3,4,4
paperclip,3,3,5,5
paperclip,3,3,5,5
paperclip,3,3,5,5
paperclip,3,3,5,5
paperclip,3,3,5,5
paperclip,3,3,5,5
paperclip,3,3,5,5
paperclip,3,3,5,5
paperclip,3,3,5,4
paperclip,3,3,5,5
paperclip,3,3,5,5
paperclip,3,3,5,5
paperclip,3,3,5,5
paperclip,3,3,5,5
paperclip,3,3,3,4
paperclip,3,3,5,5
paperclip,3,3,5,5
paperclip,3,3,5,5
paperclip,3,3,5,5
paperclip,3,3,5,5
paperclip,4,3,4,5
paperclip,3,3,5,5
paperclip,3,3,5,5
paperclip,3,3,5,5
paperclip,3,3,5,5
paperclip,3,3,5,5
paperclip,3,3,5,5
paperclip,3,3,5,5
paperclip,4,3,4,5
paperclip,3,3,5,5
paperclip,3,3,5,5
paperclip,3,3,5,5
paperclip,3,3,5,5
paperclip,3,3,5,5
paperclip,3,3,5,5
paperclip,3,3,5,5
paperclip,3,3,5,5
paperclip,3,3,5,5
paperclip,3,3,5,5
paperclip,3,3,5,5
paperclip,3,3,5,5
paperclip,3,3,5,5
paperclip,3,3,5,5
paperclip,3,3,5,5
paperclip,3,3,5,5
paperclip,3,3,5,5
paperclip,3,3,5,5
paperclip,3,3,5,5
paperclip,3,3,5,5
paperclip,3,3,5,5
paperclip,3,3,5,5
paperclip,3,3,5,5
paperclip,3,3,5,5
paperclip,3,3,5,5
paperclip,3,3,5,5
paperclip,3,3,5,5
paperclip,3,3,5,5
paperclip,3,3,5,5
paperclip,3,3,5,5
paperclip,3,3,5,5
paperclip,3,3,5,5
paperclip,3,3,5,5
paperclip,3,3,3,5
paperclip,3,3,3,5
paperclip,3,3,5,5
paperclip,3,3,5,5
paperclip,3,3,5,5
paperclip,3,3,5,5
paperclip,3,3,5,5
paperclip,3,3,5,5
paperclip,3,3,5,5
paperclip,3,3,5,5
paperclip,3,3,5,5
paperclip,3,3,5,5
paperclip,3,3,5,5
paperclip,3,3,5,5
paperclip,3,3,5,5
paperclip,3,3,5,5
paperclip,3,3,5,5
paperclip,3,3,5,5
paperclip,3,3,5,5
paperclip,3,3,5,5
paperclip,3,3,5,5
paperclip,3,3,5,5
paperclip,3,3,5,5
paperclip,3,3,5,5
paperclip,3,3,5,5
paperclip,3,3,5,5
paperclip,3,3,5,5
paperclip,3,3,5,5
paperclip,3,3,5,5
paperclip,4,4,5,4
paperclip,3,3,5,5
paperclip,4,3,3,3
paperclip,4,3,4,3
paperclip,3,3,4,4
paperclip,0,0,0,0
paperclip,0,0,0,0
paperclip,3,3,4,3
paperclip,3,3,4,4
paperclip,3,3,3,4
paperclip,4,4,5,4
paperclip,3,3,4,4
paperclip,3,3,5,4
paperclip,4,3,5,4
paperclip,4,3,5,4
paperclip,4,3,4,3
paperclip,4,3,4,3
paperclip,0,0,0,0
paperclip,0,0,0,0
paperclip,2,0,3,0
paperclip,3,3,4,3
paperclip,3,3,3,3
paperclip,3,3,3,3
paperclip,3,3,3,2
paperclip,0,2,0,2
paperclip,3,3,4,3
paperclip,2,1,5,4
paperclip,4,2,3,4
paperclip,4,2,3,3
paperclip,3,2,5,5
paperclip,3,3,4,4
paperclip,3,2,4,3
paperclip,3,2,3,4
paperclip,0,1,0,1
paperclip,3,2,3,5
paperclip,3,2,3,5
paperclip,2,1,3,4
paperclip,2,1,3,4
paperclip,2,1,3,4
paperclip,2,1,3,4
paperclip,2,1,3,4
paperclip,3,1,4,4
paperclip,2,1,3,4
paperclip,2,1,3,4
paperclip,0,0,0,0
paperclip,4,3,4,3
paperclip,4,3,4,3
paperclip,4,3,4,3
paperclip,4,3,4,3
paperclip,4,3,4,3
paperclip,4,3,4,3
paperclip,4,3,4,3
paperclip,4,3,4,3
paperclip,3,3,4,4
paperclip,0,3,0,4
paperclip,4,3,3,3
paperclip,3,3,4,4
paperclip,3,3,4,4
paperclip,3,3,4,4
paperclip,3,3,4,4
paperclip,4,3,4,4
paperclip,3,3,4,4
paperclip,3,3,4,4
paperclip,3,3,4,4
paperclip,3,3,4,4
paperclip,3,3,4,4
paperclip,3,3,4,4
paperclip,3,2,3,4
paperclip,3,2,3,5
paperclip,3,3,4,5
paperclip,3,3,4,4
paperclip,4,3,4,4
paperclip,3,3,4,4
paperclip,3,3,4,4
paperclip,3,3,4,4
paperclip,3,3,4,4
paperclip,4,3,2,3
paperclip,4,4,2,3
paperclip,3,2,3,4
paperclip,0,0,0,0
paperclip,2,1,3,5
paperclip,4,4,3,3
paperclip,4,4,3,3
paperclip,0,0,0,0
paperclip,2,3,5,4
paperclip,2,3,5,4
paperclip,0,3,0,4
paperclip,2,3,5,4
paperclip,2,3,5,4
paperclip,3,3,4,4
paperclip,3,3,4,4
paperclip,3,3,4,4
paperclip,3,3,4,4
paperclip,3,3,4,4
paperclip,3,3,4,4
paperclip,3,3,4,4
paperclip,3,3,4,4
paperclip,3,3,4,4
paperclip,3,3,4,4
paperclip,3,3,4,4
paperclip,3,3,4,4
paperclip,3,3,4,4
paperclip,3,3,4,4
paperclip,3,3,4,4
paperclip,3,3,4,4
paperclip,3,3,4,4
paperclip,3,3,4,4
paperclip,3,3,4,4
paperclip,3,3,4,4
paperclip,3,3,4,4
paperclip,3,3,4,4
paperclip,3,3,4,4
paperclip,3,3,4,4
paperclip,3,3,4,4
paperclip,3,3,4,4
paperclip,3,3,4,4
paperclip,3,3,4,4
paperclip,3,3,4,4
paperclip,3,3,4,4
paperclip,3,3,4,4
paperclip,3,3,4,4
paperclip,3,3,4,4
paperclip,3,3,4,4
paperclip,3,3,4,4
paperclip,3,3,4,4
paperclip,3,3,4,4
paperclip,3,3,4,4
paperclip,3,3,3,4
paperclip,3,3,4,4
paperclip,3,3,4,4
paperclip,3,3,4,4
paperclip,3,3,4,4
paperclip,4,4,2,4
paperclip,4,3,2,0
paperclip,4,3,3,0
paperclip,4,3,3,4
paperclip,3,3,4,4
paperclip,3,3,4,4
paperclip,3,3,4,4
paperclip,3,3,4,4
paperclip,3,3,4,4
paperclip,3,3,4,4
paperclip,3,3,4,4
paperclip,3,3,4,4
paperclip,3,3,4,4
paperclip,3,3,3,4
paperclip,3,3,4,4
paperclip,3,3,4,4
paperclip,3,3,4,4
paperclip,3,3,4,4
paperclip,3,3,4,4
paperclip,3,3,4,4
paperclip,3,3,4,4
paperclip,3,3,4,4
paperclip,3,3,3,4
paperclip,4,3,4,4
paperclip,3,3,4,4
paperclip,3,3,3,4
paperclip,3,3,3,4
paperclip,2,3,4,5
paperclip,2,2,4,5
paperclip,2,3,4,4
paperclip,3,3,4,4
paperclip,2,2,4,4
paperclip,2,2,4,4
paperclip,2,2,4,5
paperclip,3,2,4,4
paperclip,3,2,4,3
paperclip,3,2,4,4
paperclip,3,2,4,3
paperclip,4,3,4,3
paperclip,3,4,4,3
paperclip,3,3,4,4
paperclip,3,2,4,4
paperclip,3,2,4,4
paperclip,2,3,3,4
paperclip,3,3,4,4
paperclip,3,3,4,4
paperclip,0,3,0,4
paperclip,3,3,3,4
paperclip,3,3,3,4
paperclip,3,0,3,0
paperclip,3,3,2,3
paperclip,3,3,3,4
paperclip,3,3,4,4
paperclip,3,3,4,4
paperclip,3,3,4,4
paperclip,3,3,4,4
paperclip,3,3,4,4
paperclip,3,3,4,4
paperclip,3,3,4,4
paperclip,3,3,4,4
paperclip,3,3,4,4
paperclip,3,3,3,4
paperclip,3,3,3,4
paperclip,3,3,3,4
paperclip,3,3,3,4
paperclip,3,3,3,4
paperclip,3,3,3,4
paperclip,3,3,3,4
paperclip,4,3,4,5
paperclip,3,4,3,4
paperclip,4,4,3,2
paperclip,4,4,3,2
paperclip,3,3,4,4
paperclip,2,3,4,4
paperclip,2,3,4,4
paperclip,3,3,4,3
paperclip,2,3,4,5
paperclip,2,3,4,5
paperclip,2,3,4,5
paperclip,2,3,4,5
paperclip,2,2,4,4
paperclip,2,2,4,4
paperclip,2,2,4,4
paperclip,2,2,4,4
paperclip,2,2,4,4
paperclip,2,2,4,4
paperclip,3,2,4,4
paperclip,2,2,4,4
paperclip,2,2,4,4
paperclip,4,2,4,3
paperclip,3,3,3,3
paperclip,3,3,3,3
paperclip,3,3,3,3
paperclip,3,3,3,3
paperclip,3,3,3,3
paperclip,3,3,3,3
paperclip,3,3,3,3
paperclip,3,3,3,3
paperclip,3,3,3,3
paperclip,3,3,3,3
paperclip,3,3,3,3
paperclip,3,3,3,3
paperclip,3,3,3,3
paperclip,3,3,3,3
paperclip,3,3,3,3
paperclip,3,3,3,3
paperclip,3,3,3,3
paperclip,3,3,3,3
paperclip,3,3,3,3
paperclip,3,3,3,3
paperclip,3,3,3,3
paperclip,2,1,3,5
paperclip,3,3,4,4
paperclip,4,0,2,0
paperclip,0,4,0,3
paperclip,3,2,3,3
paperclip,3,2,4,5
paperclip,0,0,0,0
paperclip,0,0,0,0
paperclip,3,3,4,4
paperclip,2,1,3,5
paperclip,3,4,4,4
paperclip,0,0,0,0
paperclip,4,2,3,4
paperclip,4,3,4,3
paperclip,0,0,0,0
paperclip,2,1,4,5
paperclip,3,0,2,0
paperclip,3,2,3,4
paperclip,5,4,4,4
paperclip,3,3,4,4
paperclip,3,2,4,4
paperclip,2,1,4,5
paperclip,3,3,4,2
paperclip,3,3,4,2
paperclip,3,3,4,2
paperclip,3,3,4,2
paperclip,3,3,4,5
paperclip,3,3,4,5
paperclip,3,3,4,4
paperclip,3,3,2,2
paperclip,3,4,4,4
paperclip,2,2,4,4
paperclip,0,0,0,0
paperclip,4,4,4,4
paperclip,3,2,3,4
paperclip,0,0,0,0
paperclip,3,1,3,5
paperclip,3,1,3,5
paperclip,3,3,4,4
paperclip,0,0,0,0
paperclip,3,3,4,4
paperclip,3,3,4,3
paperclip,2,2,3,5
paperclip,3,2,3,5
paperclip,2,2,3,5
paperclip,2,2,3,5
paperclip,3,3,4,4
paperclip,0,1,0,4
paperclip,4,4,3,4
paperclip,0,1,0,4
paperclip,0,0,0,0
paperclip,3,3,3,4
paperclip,2,2,4,4
paperclip,3,3,3,3
paperclip,4,4,4,4
paperclip,4,4,4,4
paperclip,4,4,3,3
paperclip,4,0,3,0
paperclip,4,4,4,4
paperclip,3,2,4,4
paperclip,2,3,2,4
paperclip,2,3,2,4
paperclip,0,3,0,2
paperclip,3,3,4,2
paperclip,3,3,3,2
paperclip,4,4,3,4
paperclip,4,4,3,4
paperclip,4,4,3,4
paperclip,4,4,3,4
paperclip,4,4,4,4
paperclip,4,4,4,4
paperclip,4,4,4,4
paperclip,4,4,4,4
paperclip,4,4,4,4
paperclip,4,4,4,4
paperclip,4,4,4,4
paperclip,4,4,4,4
paperclip,4,4,4,4
paperclip,4,4,4,4
paperclip,4,4,4,4
paperclip,4,4,4,4
paperclip,4,4,4,4
paperclip,4,4,4,4
paperclip,4,4,4,4
paperclip,4,4,4,4
paperclip,3,3,4,4
paperclip,3,3,4,5
paperclip,3,3,4,5
paperclip,3,3,4,5
paperclip,3,3,4,5
paperclip,3,3,4,5
paperclip,3,3,4,5
paperclip,3,3,4,5
paperclip,3,3,4,5
paperclip,3,3,4,5
paperclip,3,3,4,5
paperclip,3,3,4,5
paperclip,4,4,3,3
paperclip,0,3,0,4
paperclip,0,0,0,0
paperclip,2,1,2,5
paperclip,4,3,4,4
paperclip,4,4,1,2
paperclip,4,5,2,4
paperclip,3,3,4,4
paperclip,3,3,4,4
paperclip,3,3,4,4
paperclip,4,3,4,4
paperclip,4,3,4,4
paperclip,4,3,3,4
paperclip,0,0,0,0
paperclip,0,0,0,0
paperclip,0,0,0,0
paperclip,3,3,4,4
paperclip,3,3,4,4
paperclip,3,3,4,4
paperclip,3,3,4,4
paperclip,2,2,4,4
paperclip,2,2,4,5
paperclip,2,2,4,4
paperclip,3,2,4,4
paperclip,3,2,4,4
paperclip,3,2,4,4
paperclip,4,3,4,4
paperclip,2,2,4,5
paperclip,2,2,4,5
paperclip,4,3,4,3
paperclip,4,3,4,3
paperclip,2,2,4,3
paperclip,4,3,4,3
paperclip,2,3,4,4
paperclip,3,3,4,4
paperclip,2,2,3,4
paperclip,2,2,3,4
paperclip,3,2,4,5
paperclip,3,3,4,5
paperclip,3,3,4,5
paperclip,3,3,4,5
paperclip,3,2,4,5
paperclip,3,4,4,4
paperclip,4,4,4,4
paperclip,4,2,3,5
paperclip,0,0,0,0
paperclip,4,3,4,4
paperclip,4,3,4,4
paperclip,4,3,4,4
paperclip,4,3,4,4
paperclip,4,3,4,4
paperclip,4,3,4,4
paperclip,4,3,4,4
paperclip,4,3,4,4
paperclip,4,3,4,4
paperclip,4,3,4,4
paperclip,4,3,4,4
paperclip,4,3,4,4
paperclip,4,3,4,4
paperclip,4,3,4,4
paperclip,4,3,4,4
paperclip,4,3,4,4
paperclip,4,3,4,4
paperclip,4,3,4,4
paperclip,4,3,4,4
paperclip,4,3,4,4
paperclip,4,3,4,4
paperclip,4,3,4,4
paperclip,4,3,4,4
paperclip,4,3,4,4
paperclip,4,3,4,4
paperclip,4,3,4,4
paperclip,4,3,4,4
paperclip,4,3,4,4
paperclip,4,3,4,4
paperclip,4,3,4,4
paperclip,4,3,4,4
paperclip,4,3,4,4
paperclip,4,3,4,4
paperclip,4,3,4,4
paperclip,4,3,4,4
paperclip,4,3,4,4
paperclip,4,3,4,4
paperclip,4,3,4,4
paperclip,4,3,4,4
paperclip,4,3,4,4
paperclip,4,3,4,4
paperclip,4,3,4,4
paperclip,4,3,4,4
paperclip,4,3,4,4
paperclip,4,3,4,4
paperclip,4,3,4,4
paperclip,4,3,4,4
paperclip,4,3,4,4
paperclip,4,3,4,4
paperclip,4,3,4,4
paperclip,4,3,4,4
paperclip,4,3,4,4
paperclip,4,3,4,4
paperclip,4,3,4,4
paperclip,4,3,4,4
paperclip,4,3,4,4
paperclip,4,3,4,4
paperclip,4,3,4,4
paperclip,4,3,4,4
paperclip,4,3,4,4
paperclip,4,3,4,4
paperclip,4,3,4,4
paperclip,4,3,4,4
paperclip,4,3,4,4
paperclip,4,3,4,4
paperclip,4,3,4,4
paperclip,4,3,5,4
paperclip,4,3,4,4
paperclip,4,3,4,4
paperclip,4,3,4,4
paperclip,3,2,5,4
paperclip,4,2,5,4
paperclip,4,2,5,4
paperclip,2,1,3,5
paperclip,4,3,4,3
paperclip,3,3,3,4
paperclip,3,3,3,4
paperclip,4,3,4,3
paperclip,2,3,3,4
paperclip,4,3,4,3
paperclip,3,3,4,4
paperclip,2,3,3,4
paperclip,4,3,4,3
paperclip,3,3,3,3
paperclip,3,2,4,4
paperclip,3,2,4,4
paperclip,3,2,4,4
paperclip,3,2,4,4
paperclip,3,2,4,4
paperclip,3,2,4,4
paperclip,3,2,4,4
paperclip,3,2,4,4
paperclip,3,2,4,4
paperclip,2,2,3,4
paperclip,2,2,2,5
paperclip,3,3,4,4
paperclip,2,0,3,0
paperclip,2,0,3,0
paperclip,2,0,3,0
paperclip,3,2,3,5
paperclip,0,0,0,0
paperclip,4,2,5,5
paperclip,2,2,4,5
paperclip,3,3,4,4
paperclip,0,0,0,0
paperclip,0,0,0,0
paperclip,0,0,0,0
paperclip,1,0,5,0
paperclip,1,0,5,0
paperclip,1,0,5,0
paperclip,1,0,5,0
paperclip,1,0,5,0
paperclip,1,0,5,0
paperclip,1,0,5,0
paperclip,1,0,5,0
paperclip,3,3,4,4
paperclip,3,3,4,4
paperclip,3,3,4,4
paperclip,4,4,3,2
paperclip,3,3,4,4
paperclip,3,3,4,4
paperclip,0,0,0,0
paperclip,0,0,0,0
paperclip,0,0,0,0
paperclip,0,0,0,0
paperclip,1,1,5,5
paperclip,1,1,5,5
paperclip,1,1,5,5
paperclip,1,1,5,5
paperclip,1,1,5,5
paperclip,1,1,5,5
paperclip,1,1,5,5
paperclip,1,1,5,5
paperclip,1,1,5,5
paperclip,1,1,5,5
paperclip,1,1,5,5
paperclip,1,1,5,5
paperclip,1,1,5,5
paperclip,1,1,5,5
paperclip,1,1,5,5
paperclip,1,1,5,5
paperclip,1,1,5,5
paperclip,1,1,5,5
paperclip,1,1,5,5
paperclip,1,1,5,5
paperclip,1,1,5,5
paperclip,1,1,5,5
paperclip,1,1,5,5
paperclip,1,1,5,5
paperclip,1,1,5,5
paperclip,1,1,5,5
paperclip,1,1,5,5
paperclip,1,1,5,5
paperclip,1,1,5,5
paperclip,1,1,5,5
paperclip,1,1,5,5
paperclip,1,1,5,5
paperclip,1,1,5,5
paperclip,1,1,5,5
paperclip,1,1,5,5
paperclip,1,1,5,5
paperclip,1,1,5,5
paperclip,1,1,5,5
paperclip,1,1,5,5
paperclip,1,1,5,5
paperclip,1,1,5,5
paperclip,1,1,5,5
paperclip,1,1,5,5
paperclip,1,1,5,5
paperclip,1,1,5,5
paperclip,1,1,5,5
paperclip,1,1,5,5
paperclip,1,1,5,5
paperclip,1,1,5,5
paperclip,1,1,5,5
paperclip,1,1,5,5
paperclip,1,1,5,5
paperclip,1,1,5,5
paperclip,1,1,5,5
paperclip,1,1,5,5
paperclip,1,1,5,5
paperclip,1,1,5,5
paperclip,1,1,5,5
paperclip,1,1,5,5
paperclip,1,1,5,5
paperclip,1,1,5,5
paperclip,1,1,5,5
paperclip,1,1,5,5
paperclip,1,1,5,5
paperclip,1,1,5,5
paperclip,1,1,5,5
paperclip,1,1,5,5
paperclip,1,1,5,5
paperclip,1,1,5,5
paperclip,1,1,5,5
paperclip,1,1,5,5
paperclip,1,1,5,5
paperclip,1,1,5,5
paperclip,1,1,5,5
paperclip,1,1,5,5
paperclip,1,1,5,5
paperclip,1,1,5,5
paperclip,1,1,5,5
paperclip,1,1,5,5
paperclip,1,1,5,5
paperclip,1,1,5,5
paperclip,1,1,5,5
paperclip,1,1,5,5
paperclip,1,1,5,5
paperclip,1,1,5,5
paperclip,1,1,5,5
paperclip,1,1,5,5
paperclip,1,1,5,5
paperclip,1,1,5,5
paperclip,1,1,5,5
paperclip,1,1,5,5
paperclip,1,1,5,5
paperclip,1,1,5,5
paperclip,1,1,5,5
paperclip,1,1,5,5
paperclip,1,1,5,5
paperclip,1,1,5,5
paperclip,1,1,5,5
paperclip,1,1,5,5
paperclip,1,1,5,5
paperclip,1,1,5,5
paperclip,1,1,5,5
paperclip,1,1,5,5
paperclip,1,1,5,5
paperclip,1,1,5,5
paperclip,1,1,5,5
paperclip,1,1,5,5
paperclip,1,1,5,5
paperclip,1,2,5,5
paperclip,1,1,5,5
paperclip,1,1,5,5
paperclip,0,1,0,5
paperclip,1,1,3,5
paperclip,1,1,3,5
paperclip,0,0,0,0
paperclip,4,3,3,3
paperclip,4,3,3,3
paperclip,3,2,4,4
paperclip,4,3,3,3
paperclip,0,0,0,0
paperclip,0,0,0,0
paperclip,4,3,3,3
paperclip,2,2,4,4
paperclip,2,2,4,4
paperclip,0,0,0,0
paperclip,3,3,3,4
paperclip,3,3,3,4
paperclip,4,3,4,4
paperclip,4,3,4,4
paperclip,4,3,4,4
paperclip,4,3,4,4
paperclip,4,3,4,4
paperclip,4,3,4,4
paperclip,4,3,4,4
paperclip,4,3,4,4
paperclip,4,3,4,4
paperclip,3,3,3,4
paperclip,4,3,4,4
paperclip,2,2,3,5
paperclip,4,0,1,0
paperclip,0,0,0,0
paperclip,0,0,0,0
paperclip,4,2,4,4
paperclip,4,2,4,4
paperclip,3,4,3,3
paperclip,3,4,3,3
paperclip,3,4,3,3
paperclip,3,4,3,3
paperclip,3,3,4,4
paperclip,3,3,4,4
paperclip,2,2,5,4
paperclip,1,1,5,5
paperclip,5,3,5,5
paperclip,0,0,0,0
paperclip,3,2,3,3
paperclip,0,0,0,0
paperclip,3,3,4,4
paperclip,3,3,5,4
paperclip,2,2,4,5
paperclip,4,3,4,3
paperclip,4,3,4,3
paperclip,4,3,4,3
paperclip,4,3,4,3
paperclip,4,3,4,3
paperclip,4,3,4,3
paperclip,4,3,4,3
paperclip,4,3,4,3
paperclip,4,3,4,3
paperclip,3,2,3,4
paperclip,3,2,2,4
paperclip,3,4,3,5
paperclip,3,4,4,5
paperclip,2,2,4,5
paperclip,2,2,4,5
paperclip,2,2,4,5
paperclip,2,2,4,5
paperclip,2,2,4,5
paperclip,2,2,4,5
paperclip,2,2,4,5
paperclip,2,2,4,5
paperclip,2,2,4,5
paperclip,2,2,4,5
paperclip,2,2,4,5
paperclip,2,2,4,5
paperclip,2,2,4,5
paperclip,2,2,4,5
paperclip,2,2,4,5
paperclip,2,2,4,5
paperclip,2,2,4,5
paperclip,2,2,4,5
paperclip,2,2,4,5
paperclip,2,2,4,5
paperclip,2,2,4,5
paperclip,2,2,4,5
paperclip,2,2,4,5
paperclip,2,2,4,5
paperclip,1,2,4,5
paperclip,2,2,4,5
paperclip,3,3,4,5
paperclip,5,0,1,0
paperclip,0,0,0,0
paperclip,3,2,4,4
paperclip,3,3,3,2
paperclip,4,4,4,3
paperclip,4,2,4,5
paperclip,4,2,4,5
paperclip,3,0,4,0
paperclip,3,0,4,0
paperclip,2,3,4,4
paperclip,2,2,4,4
paperclip,3,3,4,4
paperclip,3,3,4,4
paperclip,0,0,0,0
paperclip,0,0,0,0
paperclip,0,0,0,0
paperclip,0,0,0,0
paperclip,3,3,4,4
paperclip,3,3,2,3
paperclip,3,3,2,3
paperclip,3,3,2,3
paperclip,3,3,3,3
paperclip,0,0,0,0
paperclip,4,3,4,4
paperclip,4,3,4,4
paperclip,4,3,4,4
paperclip,4,3,4,4
paperclip,4,3,4,4
paperclip,4,3,4,4
paperclip,4,3,4,4
paperclip,4,3,4,4
paperclip,4,3,4,4
paperclip,4,3,4,4
paperclip,4,3,4,4
paperclip,4,3,4,4
paperclip,4,3,4,4
paperclip,4,3,4,4
paperclip,4,3,4,4
paperclip,4,3,4,4
paperclip,4,3,4,4
paperclip,4,3,4,4
paperclip,4,3,4,4
paperclip,4,3,4,4
paperclip,4,3,4,4
paperclip,4,3,4,4
paperclip,4,3,4,4
paperclip,4,3,4,4
paperclip,4,3,4,4
paperclip,4,3,4,4
paperclip,4,3,4,4
paperclip,4,3,4,4
paperclip,4,3,4,4
paperclip,4,3,4,4
paperclip,3,3,4,4
paperclip,4,3,5,4
paperclip,4,3,5,4
paperclip,4,3,5,4
paperclip,3,3,3,4
paperclip,3,3,3,4
paperclip,4,3,4,4
paperclip,3,3,4,4
paperclip,3,4,4,3
paperclip,3,4,4,3
paperclip,3,4,4,3
paperclip,3,4,4,3
paperclip,3,4,4,3
paperclip,2,1,3,5
paperclip,2,1,3,5
paperclip,4,1,1,1
paperclip,2,1,3,5
paperclip,2,1,4,5
paperclip,1,1,5,5
paperclip,3,3,4,4
paperclip,3,3,4,4
paperclip,3,3,4,4
paperclip,3,3,4,4
paperclip,3,3,4,4
paperclip,3,3,4,4
paperclip,3,3,4,4
paperclip,4,3,4,5
paperclip,4,3,2,3
paperclip,3,3,3,3
paperclip,3,2,3,3
paperclip,4,4,2,2
paperclip,4,4,2,2
paperclip,3,2,4,4
paperclip,3,2,4,4
paperclip,4,3,3,3
paperclip,4,3,4,3
paperclip,4,3,4,3
paperclip,4,3,4,3
paperclip,4,3,4,3
paperclip,4,4,3,3
paperclip,4,4,2,2
paperclip,0,0,0,0
paperclip,0,0,0,0
paperclip,0,0,0,0
paperclip,0,0,0,0
paperclip,0,0,0,0
paperclip,3,2,4,5
paperclip,3,3,2,4
paperclip,3,3,3,4
paperclip,3,3,3,4
paperclip,3,3,3,4
paperclip,3,3,3,4
paperclip,3,3,3,4
paperclip,3,3,3,4
paperclip,3,3,3,4
paperclip,3,3,3,4
paperclip,3,3,4,4
paperclip,3,3,3,4
paperclip,3,3,3,4
paperclip,3,3,3,4
paperclip,3,3,3,4
paperclip,3,3,3,4
paperclip,3,3,3,4
paperclip,3,3,3,4
paperclip,3,3,3,4
paperclip,3,3,3,4
paperclip,3,3,3,4
paperclip,3,2,3,4
paperclip,3,2,4,4
paperclip,3,3,4,4
paperclip,3,3,4,4
paperclip,3,3,4,4
paperclip,3,3,4,4
paperclip,3,3,4,4
paperclip,3,3,4,4
paperclip,3,3,4,4
paperclip,3,3,4,4
paperclip,3,3,4,4
paperclip,3,3,4,4
paperclip,3,3,4,4
paperclip,3,3,4,4
paperclip,3,3,4,4
paperclip,3,3,4,4
paperclip,3,3,4,4
paperclip,4,3,4,3
paperclip,4,3,4,3
paperclip,4,3,4,3
paperclip,4,3,4,3
paperclip,4,3,4,3
paperclip,4,3,4,3
paperclip,4,3,4,3
paperclip,4,3,4,3
paperclip,4,3,4,3
paperclip,4,3,4,3
paperclip,4,3,4,3
paperclip,4,3,4,3
paperclip,4,3,4,3
paperclip,4,3,4,3
paperclip,4,3,4,3
paperclip,4,3,4,3
paperclip,4,3,4,3
paperclip,4,3,4,3
paperclip,4,3,4,3
paperclip,4,3,4,3
paperclip,4,3,4,3
paperclip,4,3,4,3
paperclip,4,3,4,3
paperclip,3,3,4,4
paperclip,4,3,2,4
paperclip,4,3,4,3
paperclip,4,3,4,4
paperclip,4,3,4,4
paperclip,4,3,4,4
paperclip,4,3,4,4
paperclip,4,3,4,4
paperclip,4,3,4,4
paperclip,4,3,4,4
paperclip,4,3,4,4
paperclip,4,3,4,4
paperclip,4,3,4,4
paperclip,4,3,4,4
paperclip,4,3,4,4
paperclip,4,3,4,4
paperclip,4,3,4,4
paperclip,4,3,4,4
paperclip,4,3,4,4
paperclip,4,3,4,4
paperclip,4,3,4,4
paperclip,4,3,4,4
paperclip,4,3,4,4
paperclip,3,3,4,4
paperclip,3,3,4,4
paperclip,3,3,4,4
paperclip,3,2,4,4
paperclip,4,2,3,4
paperclip,3,3,3,4
paperclip,3,3,3,4
paperclip,3,3,4,4
paperclip,4,3,2,3
paperclip,4,3,3,3
paperclip,4,3,4,3
paperclip,4,3,4,3
paperclip,3,3,3,3
paperclip,4,3,4,3
paperclip,4,3,4,3
paperclip,4,3,4,3
paperclip,4,3,4,3
paperclip,4,3,4,3
paperclip,4,3,4,3
paperclip,4,3,4,3
paperclip,4,3,4,3
paperclip,4,3,4,3
paperclip,4,3,4,3
paperclip,4,3,4,3
paperclip,4,3,4,3
paperclip,4,3,4,3
paperclip,4,3,4,3
paperclip,4,3,4,3
paperclip,4,3,4,3
paperclip,4,3,4,3
paperclip,4,3,4,3
paperclip,4,3,4,3
paperclip,4,3,4,3
paperclip,4,3,4,3
paperclip,4,3,4,3
paperclip,4,3,4,3
paperclip,4,3,4,3
paperclip,4,3,4,3
paperclip,4,3,4,3
paperclip,4,3,4,3
paperclip,4,3,4,3
paperclip,4,3,4,3
paperclip,4,3,4,3
paperclip,4,3,4,3
paperclip,4,3,4,3
paperclip,4,3,4,3
paperclip,4,3,4,3
paperclip,4,3,4,3
paperclip,4,3,4,3
paperclip,4,3,4,3
paperclip,4,3,4,3
paperclip,4,3,4,3
paperclip,4,3,4,3
paperclip,4,3,4,3
paperclip,4,3,4,3
paperclip,4,3,4,3
paperclip,4,3,4,3
paperclip,4,3,4,3
paperclip,4,3,4,3
paperclip,4,3,4,3
paperclip,4,3,4,3
paperclip,2,2,4,4
paperclip,3,3,2,3
paperclip,3,2,3,4
paperclip,3,3,3,3
paperclip,3,3,3,3
paperclip,3,2,3,3
paperclip,4,3,3,3
paperclip,4,3,4,4
paperclip,3,3,4,3
paperclip,3,3,3,3
paperclip,3,1,3,4
paperclip,3,3,3,4
paperclip,3,3,3,4
paperclip,3,3,3,4
paperclip,3,3,3,4
paperclip,3,3,3,4
paperclip,3,4,3,4
paperclip,3,3,3,4
paperclip,3,4,3,4
paperclip,2,2,4,4
paperclip,2,2,4,4
paperclip,2,2,4,4
paperclip,2,2,4,4
paperclip,2,2,4,4
paperclip,2,2,4,4
paperclip,2,2,4,4
paperclip,3,2,4,4
paperclip,3,2,4,4
paperclip,2,2,4,4
paperclip,3,3,3,4
paperclip,3,3,3,4
paperclip,3,3,3,4
paperclip,4,3,2,3
paperclip,3,3,3,5
paperclip,4,3,2,2
paperclip,4,4,1,2
paperclip,3,3,4,4
paperclip,0,0,0,0
paperclip,3,3,3,3
paperclip,3,3,3,3
paperclip,2,2,4,0
paperclip,3,2,3,4
paperclip,2,3,3,4
paperclip,2,2,3,4
paperclip,2,2,4,4
paperclip,2,2,3,4
paperclip,2,2,3,4
paperclip,2,2,4,4
paperclip,2,2,3,4
paperclip,3,2,4,4
paperclip,3,3,3,3
paperclip,3,3,2,4
paperclip,3,3,4,4
paperclip,3,3,4,4
paperclip,3,3,3,4
paperclip,3,3,4,4
paperclip,4,3,3,4
paperclip,4,4,4,4
paperclip,4,3,2,2
paperclip,3,2,4,4
paperclip,3,2,4,4
paperclip,3,0,1,0
paperclip,2,1,3,4
paperclip,2,1,5,4
paperclip,2,2,3,4
paperclip,3,3,4,4
paperclip,3,3,4,4
paperclip,3,3,3,4
paperclip,4,4,2,2
paperclip,4,4,4,4
paperclip,4,4,4,4
paperclip,4,4,4,4
paperclip,4,4,4,4
paperclip,4,4,4,4
paperclip,4,4,4,4
paperclip,4,4,4,4
paperclip,4,4,4,4
paperclip,4,4,4,4
paperclip,4,4,4,4
paperclip,4,4,4,4
paperclip,4,4,4,4
paperclip,4,4,4,4
paperclip,4,4,4,4
paperclip,4,4,4,4
paperclip,4,4,4,4
paperclip,4,4,4,4
paperclip,4,4,4,4
paperclip,4,4,4,4
paperclip,4,4,4,4
paperclip,4,4,4,4
paperclip,4,4,4,4
paperclip,4,3,4,0
paperclip,3,4,3,4
paperclip,3,4,3,4
paperclip,3,3,3,3
paperclip,3,3,2,3
paperclip,4,4,2,2
paperclip,3,3,4,4
paperclip,3,3,4,5
paperclip,3,3,3,4
paperclip,3,3,3,4
paperclip,3,3,3,4
paperclip,3,3,4,4
paperclip,3,3,4,4
paperclip,3,3,4,4
paperclip,3,3,4,4
paperclip,4,3,4,5
paperclip,0,0,0,0
paperclip,0,0,0,0
paperclip,0,0,0,0
paperclip,4,3,4,4
paperclip,4,3,4,4
paperclip,3,2,3,4
paperclip,2,3,3,3
paperclip,2,3,3,3
paperclip,3,3,4,4
paperclip,3,3,3,4
paperclip,4,4,4,2
paperclip,4,3,3,4
paperclip,4,3,4,5
paperclip,2,3,4,4
paperclip,2,1,4,5
paperclip,2,1,4,5
paperclip,0,0,0,0
paperclip,4,4,2,3
paperclip,4,4,4,3
paperclip,4,4,3,3
paperclip,4,3,4,5
paperclip,3,2,4,4
paperclip,3,3,5,5
paperclip,3,2,4,5
paperclip,4,3,3,4
paperclip,3,3,3,4
paperclip,2,1,3,4
paperclip,2,1,3,4
paperclip,2,1,3,4
paperclip,2,1,3,4
paperclip,1,1,4,4
paperclip,2,1,3,4
paperclip,2,1,3,4
paperclip,2,1,3,4
paperclip,2,1,3,4
paperclip,2,1,3,4
paperclip,2,1,3,4
paperclip,2,1,3,4
paperclip,2,1,3,4
paperclip,3,2,4,4
paperclip,2,1,3,4
paperclip,2,1,3,4
paperclip,2,1,3,4
paperclip,2,1,3,4
paperclip,3,1,3,4
paperclip,2,3,4,4
paperclip,2,3,4,4
paperclip,2,3,4,4
paperclip,2,2,4,4
paperclip,2,2,4,4
paperclip,2,2,3,4
paperclip,2,2,3,4
paperclip,2,2,4,4
paperclip,3,3,4,4
paperclip,4,2,3,4
paperclip,4,3,4,4
paperclip,3,2,4,4
paperclip,3,2,4,4
paperclip,3,3,3,3
paperclip,3,3,3,3
paperclip,3,3,3,3
paperclip,3,3,3,3
paperclip,3,3,3,3
paperclip,3,3,3,3
paperclip,3,3,3,3
paperclip,3,3,3,3
paperclip,3,3,3,3
paperclip,3,3,3,4
paperclip,3,4,3,4
paperclip,4,3,3,4
paperclip,4,3,4,3
paperclip,4,3,4,3
paperclip,3,3,3,4
paperclip,4,3,4,3
paperclip,4,3,4,3
paperclip,3,3,3,5
paperclip,3,3,4,4
paperclip,3,3,2,2
paperclip,3,3,2,2
paperclip,3,3,2,2
paperclip,3,3,2,2
paperclip,3,2,4,5
paperclip,3,2,4,5
paperclip,3,2,4,5
paperclip,4,2,4,5
paperclip,3,3,3,4
paperclip,4,3,4,4
paperclip,4,3,3,4
paperclip,3,4,4,4
paperclip,3,4,4,4
paperclip,3,4,3,4
paperclip,3,4,3,4
paperclip,3,3,4,4
paperclip,3,2,4,4
paperclip,2,2,4,4
paperclip,3,3,3,3
paperclip,3,3,3,3
paperclip,3,3,3,4
paperclip,3,3,3,4
paperclip,3,3,3,4
paperclip,3,3,3,4
paperclip,3,3,3,4
paperclip,3,3,3,4
paperclip,3,3,3,4
paperclip,3,3,3,4
paperclip,3,3,4,4
paperclip,3,3,3,4
paperclip,3,3,4,4
paperclip,4,3,4,4
paperclip,3,2,4,5
paperclip,3,2,4,5
paperclip,3,2,4,5
paperclip,3,2,4,5
paperclip,3,2,4,5
paperclip,3,2,4,5
paperclip,3,2,4,5
paperclip,3,2,4,5
paperclip,3,2,4,4
paperclip,4,2,4,4
paperclip,4,2,4,4
paperclip,4,2,2,2
paperclip,3,3,4,4
paperclip,3,3,4,4
paperclip,2,3,2,4
paperclip,2,3,2,4
paperclip,2,3,2,4
paperclip,2,3,2,4
paperclip,2,3,2,4
paperclip,2,3,2,4
paperclip,2,3,2,4
paperclip,2,3,2,4
paperclip,2,3,2,4
paperclip,2,3,2,4
paperclip,3,3,2,4
paperclip,3,3,2,4
paperclip,3,3,2,4
paperclip,3,4,3,3
paperclip,4,3,3,3
paperclip,4,3,3,3
paperclip,4,3,4,4
paperclip,0,0,0,0
paperclip,2,1,3,5
paperclip,0,0,0,0
paperclip,0,0,0,0
paperclip,4,4,3,3
paperclip,4,4,2,3
paperclip,3,2,3,4
paperclip,0,0,0,0
paperclip,0,0,0,0
paperclip,0,0,0,0
paperclip,0,0,0,0
paperclip,0,3,0,4
paperclip,2,3,2,5
paperclip,3,3,4,4
paperclip,3,3,4,4
paperclip,0,0,0,0
paperclip,3,2,3,4
paperclip,4,4,3,4
