"pers","object","originality_rater01","utility_rater01","originality_rater02","utility_rater02"
816,"brick",0,0,0,0
816,"brick",0,0,0,0
816,"brick",0,0,0,0
816,"brick",0,0,0,0
816,"paperclip",0,0,0,0
816,"paperclip",0,0,0,0
816,"paperclip",0,0,0,0
816,"paperclip",0,0,0,0
817,"brick",2,4,1,4
817,"brick",1,2,4,1
817,"brick",1,5,1,5
817,"brick",0,0,0,0
817,"brick",3,3,4,3
817,"brick",0,0,3,4
817,"brick",2,2,3,2
817,"brick",4,2,4,2
817,"brick",2,2,1,5
817,"brick",0,0,2,2
817,"brick",0,0,0,0
817,"brick",0,0,0,0
817,"brick",0,0,0,0
817,"brick",0,0,0,0
817,"brick",4,2,2,3
817,"brick",5,1,0,0
817,"brick",5,1,4,1
817,"brick",3,1,0,0
817,"brick",5,1,0,0
817,"brick",4,1,0,0
817,"brick",1,5,3,2
817,"brick",0,0,0,0
817,"brick",1,5,3,2
817,"brick",0,0,3,3
817,"brick",0,0,0,0
817,"paperclip",1,5,1,5
817,"paperclip",0,0,0,0
817,"paperclip",0,0,0,0
817,"paperclip",0,0,0,0
817,"paperclip",0,0,0,0
817,"paperclip",0,0,0,0
817,"paperclip",4,2,0,0
817,"paperclip",0,0,0,0
817,"paperclip",0,0,0,0
817,"paperclip",0,0,0,0
817,"paperclip",4,1,0,0
817,"paperclip",0,0,0,0
817,"paperclip",0,0,4,3
817,"paperclip",4,3,3,3
817,"paperclip",0,0,0,0
817,"paperclip",0,0,0,0
817,"paperclip",0,0,0,0
817,"paperclip",0,0,0,0
817,"paperclip",0,0,0,0
817,"paperclip",0,0,0,0
825,"paperclip",3,3,3,3
825,"paperclip",3,3,3,4
825,"paperclip",3,3,3,2
825,"paperclip",3,2,3,3
825,"paperclip",4,4,3,4
825,"paperclip",4,4,3,3
825,"paperclip",2,4,2,4
826,"brick",2,4,2,4
826,"brick",2,4,3,3
826,"brick",3,3,3,4
826,"brick",3,4,3,3
826,"brick",4,3,2,3
826,"brick",2,4,2,4
826,"paperclip",4,4,3,3
826,"paperclip",4,2,3,3
826,"paperclip",3,4,3,3
826,"paperclip",2,2,3,4
826,"paperclip",3,5,3,5
826,"paperclip",4,4,4,4
826,"paperclip",4,3,3,3
829,"brick",2,5,2,3
829,"brick",2,5,2,4
829,"brick",3,3,3,3
829,"brick",1,5,1,5
829,"brick",5,1,4,1
829,"brick",2,5,2,4
829,"brick",3,3,3,3
829,"brick",3,5,3,4
829,"brick",3,3,2,3
829,"brick",3,3,2,3
829,"brick",3,4,2,4
829,"brick",2,5,2,4
829,"brick",2,2,4,2
829,"brick",5,2,4,2
829,"brick",4,1,4,2
829,"brick",4,4,2,4
829,"brick",4,2,3,2
829,"brick",4,1,3,3
829,"brick",3,5,2,3
829,"brick",5,3,4,4
829,"brick",5,3,4,3
829,"brick",5,5,4,3
829,"paperclip",1,5,1,5
829,"paperclip",4,4,3,3
829,"paperclip",4,4,3,3
829,"paperclip",2,4,2,5
829,"paperclip",4,3,4,4
829,"paperclip",3,4,3,4
829,"paperclip",4,3,3,3
829,"paperclip",4,4,4,4
829,"paperclip",3,3,3,3
829,"paperclip",3,2,4,3
829,"paperclip",4,3,4,3
829,"paperclip",2,4,2,4
829,"paperclip",4,3,2,4
829,"paperclip",3,4,2,5
829,"paperclip",3,4,4,4
829,"paperclip",4,4,4,4
829,"paperclip",3,4,3,4
829,"paperclip",4,3,3,3
830,"brick",1,5,1,5
830,"brick",2,5,2,4
830,"brick",3,4,3,4
830,"brick",2,5,2,4
830,"brick",2,5,2,4
830,"brick",3,5,3,4
830,"brick",1,5,1,5
830,"brick",2,5,2,4
830,"brick",2,4,2,4
830,"brick",2,3,3,3
830,"brick",4,4,3,4
830,"brick",2,5,2,4
830,"paperclip",4,4,3,3
830,"paperclip",2,4,2,5
830,"paperclip",1,5,1,5
830,"paperclip",4,4,3,3
830,"paperclip",3,4,2,4
830,"paperclip",3,4,3,4
830,"paperclip",4,3,2,3
830,"paperclip",4,4,3,4
830,"paperclip",4,4,3,4
830,"paperclip",3,3,3,4
830,"paperclip",3,4,3,4
830,"paperclip",4,4,3,3
830,"paperclip",3,4,3,5
832,"brick",1,5,1,5
832,"brick",2,5,2,4
832,"brick",2,4,2,3
832,"brick",2,4,3,4
832,"brick",2,3,3,4
832,"brick",2,5,2,3
832,"brick",3,3,2,3
832,"brick",2,5,2,4
832,"brick",2,5,3,4
832,"brick",4,5,3,4
832,"paperclip",1,5,1,5
832,"paperclip",3,4,2,4
832,"paperclip",3,3,2,4
832,"paperclip",4,4,3,3
832,"paperclip",2,4,3,4
832,"paperclip",3,4,2,4
832,"paperclip",3,4,3,4
832,"paperclip",4,3,2,4
832,"paperclip",3,4,3,4
843,"brick",1,5,1,5
843,"brick",2,5,2,4
843,"brick",2,5,2,4
843,"brick",3,3,3,3
843,"brick",4,3,3,3
843,"brick",2,4,3,4
843,"brick",3,3,3,4
843,"brick",3,4,3,3
843,"brick",2,5,2,3
843,"brick",3,4,2,3
843,"brick",2,5,2,3
843,"brick",3,5,4,4
843,"brick",3,4,3,3
843,"brick",2,5,2,4
843,"brick",3,3,3,4
843,"brick",3,2,4,3
843,"paperclip",1,5,1,5
843,"paperclip",4,4,3,3
843,"paperclip",3,3,2,4
843,"paperclip",3,5,3,5
843,"paperclip",3,4,3,4
843,"paperclip",4,5,3,4
843,"paperclip",3,4,3,4
843,"paperclip",3,3,3,3
843,"paperclip",3,4,3,3
843,"paperclip",2,3,2,3
848,"brick",2,5,2,4
848,"brick",2,5,3,4
848,"brick",2,5,2,3
848,"brick",3,5,3,5
848,"brick",2,5,2,5
848,"brick",3,4,2,3
848,"brick",5,5,3,3
848,"brick",4,5,4,3
848,"brick",2,5,2,3
848,"brick",3,3,3,3
848,"brick",2,5,2,3
848,"brick",2,5,1,3
848,"brick",3,5,2,3
848,"brick",5,5,3,3
848,"brick",2,5,2,2
848,"brick",4,5,4,3
848,"brick",4,5,2,2
848,"brick",4,2,2,3
848,"paperclip",1,4,1,5
848,"paperclip",0,0,1,5
848,"paperclip",1,4,1,5
848,"paperclip",2,4,2,4
848,"paperclip",2,3,1,4
848,"paperclip",3,3,1,4
848,"paperclip",3,3,3,4
848,"paperclip",3,3,3,3
848,"paperclip",2,3,1,5
848,"paperclip",3,3,1,5
848,"paperclip",2,4,2,5
848,"paperclip",0,0,1,4
848,"paperclip",2,3,1,5
848,"paperclip",3,3,1,5
848,"paperclip",2,3,1,5
848,"paperclip",3,3,3,4
848,"paperclip",2,2,1,5
848,"paperclip",2,3,1,5
848,"paperclip",3,3,1,5
848,"paperclip",1,5,1,5
848,"paperclip",2,2,3,4
848,"paperclip",3,5,3,5
848,"paperclip",2,3,1,5
849,"brick",2,5,2,4
849,"brick",2,4,3,3
849,"brick",2,3,2,4
849,"brick",2,5,2,4
849,"brick",3,4,3,3
849,"brick",2,4,3,4
849,"brick",4,3,3,2
849,"brick",2,5,2,4
849,"brick",2,5,3,4
849,"paperclip",3,5,3,5
849,"paperclip",1,5,1,5
849,"paperclip",4,4,3,3
849,"paperclip",4,4,3,4
849,"paperclip",4,4,3,4
849,"paperclip",4,4,3,4
849,"paperclip",2,5,3,5
849,"paperclip",2,4,2,5
849,"paperclip",2,4,2,5
849,"paperclip",4,5,3,4
862,"brick",1,5,1,5
862,"brick",2,5,2,4
862,"brick",3,3,2,3
862,"brick",1,5,1,5
862,"brick",2,4,2,5
862,"brick",2,5,2,4
862,"brick",4,5,4,3
862,"brick",5,5,3,3
862,"brick",2,5,2,5
862,"brick",4,4,3,4
862,"brick",2,4,2,3
862,"brick",2,5,3,3
862,"brick",2,5,2,5
862,"brick",4,3,3,4
862,"brick",4,3,2,3
862,"brick",3,5,2,4
862,"brick",2,5,2,3
862,"paperclip",1,5,1,5
862,"paperclip",2,4,2,4
862,"paperclip",3,3,4,4
862,"paperclip",3,4,2,4
862,"paperclip",4,4,3,3
862,"paperclip",3,4,3,4
862,"paperclip",3,5,3,5
863,"brick",2,4,2,4
863,"brick",2,4,3,4
863,"brick",2,5,3,5
863,"brick",2,4,2,4
863,"brick",3,3,3,3
863,"brick",3,4,3,3
863,"brick",3,3,3,3
863,"brick",3,3,4,4
863,"paperclip",3,3,3,4
863,"paperclip",2,4,2,4
863,"paperclip",4,4,3,4
863,"paperclip",4,4,3,3
863,"paperclip",4,4,4,4
863,"paperclip",2,4,2,5
863,"paperclip",3,4,3,2
865,"brick",1,5,1,5
865,"brick",2,5,2,4
865,"brick",2,4,3,4
865,"brick",2,5,2,4
865,"brick",2,4,2,3
865,"brick",2,5,2,5
865,"brick",2,5,2,5
865,"brick",2,5,2,4
865,"paperclip",1,5,1,5
865,"paperclip",4,4,3,3
865,"paperclip",3,4,3,4
865,"paperclip",3,5,3,5
865,"paperclip",4,4,3,4
865,"paperclip",4,4,4,4
865,"paperclip",4,5,2,4
865,"paperclip",3,2,2,4
871,"brick",1,5,1,5
871,"brick",4,2,4,3
871,"brick",2,5,3,4
871,"brick",2,5,2,3
871,"brick",2,3,3,3
871,"brick",3,3,3,4
871,"brick",2,4,3,4
871,"brick",3,2,3,3
871,"paperclip",4,4,4,4
871,"paperclip",4,4,3,4
871,"paperclip",4,4,3,4
871,"paperclip",4,4,3,3
871,"paperclip",4,4,3,4
871,"paperclip",3,3,3,4
871,"paperclip",4,3,4,3
871,"paperclip",3,4,3,4
871,"paperclip",4,4,2,4
871,"paperclip",3,4,3,5
871,"paperclip",4,4,3,5
874,"brick",1,5,1,5
874,"brick",1,5,1,5
874,"brick",2,4,2,4
874,"brick",2,3,3,4
874,"brick",2,3,3,4
874,"brick",3,3,3,3
874,"brick",2,5,3,5
874,"brick",4,3,3,4
874,"brick",2,5,2,4
874,"brick",2,5,2,4
874,"brick",2,5,1,4
874,"brick",2,5,2,4
874,"brick",3,5,2,4
874,"brick",1,5,1,5
874,"brick",3,4,3,3
874,"brick",2,4,3,4
874,"brick",2,4,2,4
874,"brick",2,4,2,4
874,"paperclip",4,4,3,3
874,"paperclip",3,5,3,5
874,"paperclip",1,5,1,5
874,"paperclip",2,4,2,4
874,"paperclip",3,4,2,4
874,"paperclip",2,3,2,4
874,"paperclip",4,4,4,4
874,"paperclip",3,4,3,4
874,"paperclip",4,5,3,4
874,"paperclip",3,4,3,4
874,"paperclip",3,3,3,4
874,"paperclip",4,4,3,4
874,"paperclip",3,4,3,4
874,"paperclip",2,5,3,4
874,"paperclip",4,4,4,4
877,"brick",1,5,1,5
877,"brick",1,5,1,5
877,"brick",1,5,1,5
877,"brick",2,3,2,4
877,"brick",4,1,3,3
877,"brick",3,3,3,3
877,"brick",2,5,3,5
877,"brick",3,5,3,4
877,"brick",0,0,0,0
877,"brick",2,5,2,4
877,"brick",2,5,2,5
877,"brick",2,5,2,5
877,"brick",2,3,3,4
877,"brick",2,4,2,4
877,"brick",2,5,2,4
877,"brick",2,5,2,5
877,"brick",2,5,2,5
877,"brick",2,4,2,3
877,"brick",2,5,3,4
877,"paperclip",1,4,1,4
877,"paperclip",4,4,3,3
877,"paperclip",4,4,4,4
877,"paperclip",3,5,3,5
877,"paperclip",3,4,3,4
877,"paperclip",3,4,3,4
877,"paperclip",3,4,2,5
877,"paperclip",3,2,3,4
877,"paperclip",3,4,3,4
877,"paperclip",0,0,3,4
877,"paperclip",2,5,3,4
877,"paperclip",3,4,3,4
877,"paperclip",3,4,3,3
877,"paperclip",2,4,2,5
877,"paperclip",4,5,3,4
877,"paperclip",3,3,2,4
877,"paperclip",3,4,2,4
879,"brick",2,3,3,4
879,"brick",2,3,3,4
879,"brick",2,4,2,4
879,"brick",2,5,2,5
879,"brick",2,5,2,5
879,"brick",3,2,3,4
879,"brick",2,5,2,5
879,"brick",2,5,3,4
879,"brick",2,5,2,4
879,"paperclip",4,4,3,3
879,"paperclip",3,3,3,4
879,"paperclip",2,4,2,5
879,"paperclip",3,4,3,4
879,"paperclip",2,3,1,4
887,"brick",1,5,1,5
887,"brick",2,5,2,3
887,"brick",3,3,3,3
887,"brick",2,4,2,3
887,"brick",2,4,2,4
887,"brick",2,4,2,4
887,"brick",1,4,1,4
887,"brick",2,5,2,5
887,"brick",2,4,2,4
887,"brick",2,4,3,4
887,"brick",2,3,3,4
887,"brick",4,4,3,4
887,"paperclip",4,4,4,4
887,"paperclip",2,4,2,4
887,"paperclip",4,4,3,3
887,"paperclip",3,4,0,0
887,"paperclip",3,5,2,4
887,"paperclip",2,5,3,5
887,"paperclip",4,4,3,4
887,"paperclip",2,4,3,4
887,"paperclip",3,4,3,4
887,"paperclip",4,3,4,3
887,"paperclip",3,3,3,4
887,"paperclip",3,3,3,4
889,"brick",1,5,1,5
889,"brick",2,5,1,4
889,"brick",2,5,2,5
889,"brick",2,3,2,4
889,"brick",2,4,2,4
889,"brick",2,5,3,4
889,"brick",3,4,3,3
889,"brick",2,4,3,4
889,"brick",4,5,4,4
889,"paperclip",1,5,1,5
889,"paperclip",3,4,3,4
889,"paperclip",4,4,4,4
889,"paperclip",3,4,4,4
889,"paperclip",3,5,3,5
889,"paperclip",4,3,5,2
890,"brick",1,4,1,5
890,"brick",2,4,2,4
890,"brick",2,5,2,5
890,"brick",2,4,3,3
890,"brick",2,4,2,4
890,"brick",2,3,3,3
890,"paperclip",4,4,3,3
890,"paperclip",4,4,3,4
890,"paperclip",4,4,3,4
890,"paperclip",3,4,3,4
893,"brick",2,5,2,4
893,"brick",1,5,1,5
893,"brick",3,3,3,3
893,"brick",0,0,3,3
893,"brick",2,5,2,5
893,"brick",2,4,2,5
893,"brick",3,3,3,3
893,"brick",2,3,2,4
893,"brick",1,5,1,5
893,"brick",1,3,2,4
893,"brick",1,5,1,5
893,"brick",2,4,2,3
893,"brick",1,5,1,5
893,"paperclip",1,5,0,0
893,"paperclip",3,4,3,4
893,"paperclip",3,3,3,3
893,"paperclip",3,3,3,3
893,"paperclip",1,5,1,5
893,"paperclip",4,4,3,4
893,"paperclip",4,4,3,4
893,"paperclip",3,3,3,4
893,"paperclip",4,2,3,0
893,"paperclip",3,3,4,3
893,"paperclip",4,4,4,4
893,"paperclip",2,4,3,4
895,"paperclip",0,0,0,0
899,"brick",2,5,2,5
899,"brick",3,2,4,1
899,"brick",2,3,3,4
899,"brick",2,5,3,4
899,"brick",2,5,2,5
899,"brick",3,3,2,4
899,"brick",2,4,2,3
899,"brick",2,5,3,5
899,"paperclip",0,0,0,0
899,"paperclip",4,4,3,3
899,"paperclip",3,5,3,5
899,"paperclip",3,4,3,4
899,"paperclip",3,4,3,4
899,"paperclip",3,3,3,4
899,"paperclip",4,4,4,3
899,"paperclip",3,4,2,5
899,"paperclip",3,4,3,2
901,"brick",1,5,1,5
901,"brick",1,5,2,4
901,"brick",2,5,2,4
901,"brick",3,2,4,3
901,"brick",2,5,2,4
901,"brick",2,4,2,4
901,"paperclip",1,5,1,5
901,"paperclip",4,4,3,3
901,"paperclip",3,5,3,5
901,"paperclip",4,4,3,4
901,"paperclip",2,5,1,5
906,"brick",0,0,0,0
906,"brick",0,0,0,0
906,"brick",0,0,0,0
906,"brick",0,0,0,0
906,"brick",0,0,0,0
906,"brick",0,0,0,0
906,"brick",0,0,0,0
906,"brick",0,0,4,2
906,"brick",0,0,3,2
906,"paperclip",0,0,0,0
906,"paperclip",0,0,0,0
906,"paperclip",1,5,1,5
906,"paperclip",0,0,0,0
906,"paperclip",0,0,1,4
906,"paperclip",0,0,0,0
906,"paperclip",4,2,4,2
915,"brick",2,4,2,4
915,"brick",2,5,2,4
915,"brick",3,4,3,3
915,"brick",2,5,3,4
915,"brick",4,4,4,3
915,"brick",3,3,3,3
915,"brick",4,2,3,3
915,"brick",4,3,3,3
915,"brick",4,4,4,3
915,"paperclip",4,4,3,3
915,"paperclip",4,4,3,4
915,"paperclip",3,3,3,3
915,"paperclip",3,3,3,3
915,"paperclip",3,4,3,3
915,"paperclip",1,5,1,5
915,"paperclip",3,4,2,4
915,"paperclip",4,4,3,4
915,"paperclip",4,5,4,4
915,"paperclip",4,4,3,4
915,"paperclip",3,2,3,2
915,"paperclip",3,4,3,4
916,"brick",1,5,1,5
916,"brick",2,5,2,3
916,"brick",2,5,2,4
916,"brick",4,5,3,4
916,"brick",3,5,3,4
916,"brick",2,5,2,4
916,"brick",3,4,2,4
916,"brick",3,3,3,3
916,"brick",3,3,3,3
916,"brick",3,4,3,3
916,"brick",2,3,3,3
916,"brick",2,5,2,4
916,"paperclip",1,5,1,5
916,"paperclip",4,5,3,4
916,"paperclip",4,4,3,4
916,"paperclip",3,4,3,4
916,"paperclip",3,4,2,5
916,"paperclip",3,3,3,3
916,"paperclip",2,4,3,4
921,"brick",0,0,1,2
921,"brick",0,0,4,3
921,"brick",0,0,4,3
921,"brick",0,0,0,0
921,"brick",0,0,0,0
921,"brick",0,0,0,0
921,"brick",0,0,0,0
921,"brick",0,0,0,0
921,"brick",0,0,0,0
921,"brick",0,0,0,0
921,"brick",0,0,0,0
921,"brick",0,0,1,5
921,"brick",0,0,1,5
921,"brick",0,0,2,4
921,"brick",0,0,2,3
921,"brick",0,0,1,5
921,"brick",0,0,0,0
921,"brick",0,0,0,0
921,"brick",0,0,0,0
921,"brick",0,0,0,0
921,"brick",0,0,0,0
921,"paperclip",0,0,0,0
921,"paperclip",0,0,3,4
921,"paperclip",0,0,0,0
921,"paperclip",0,0,0,0
921,"paperclip",2,3,0,0
921,"paperclip",0,0,0,0
921,"paperclip",0,0,1,4
921,"paperclip",0,0,0,0
921,"paperclip",5,1,0,0
921,"paperclip",4,3,3,3
921,"paperclip",4,3,3,3
921,"paperclip",0,0,0,0
921,"paperclip",0,0,0,0
921,"paperclip",0,0,0,0
921,"paperclip",0,0,1,4
921,"paperclip",0,0,0,0
921,"paperclip",2,3,0,0
921,"paperclip",4,2,3,1
927,"brick",0,0,0,0
927,"brick",0,0,0,0
929,"brick",1,5,1,5
929,"brick",1,4,2,4
929,"brick",3,4,3,3
929,"brick",2,5,2,4
929,"brick",4,3,3,4
929,"brick",3,3,3,3
929,"brick",1,5,1,5
929,"brick",2,4,2,4
929,"brick",5,1,0,0
929,"brick",2,2,0,0
929,"brick",4,4,3,4
929,"brick",2,4,2,4
929,"brick",3,3,3,3
929,"brick",4,3,3,2
929,"brick",2,3,3,4
929,"brick",2,3,3,4
929,"brick",2,4,2,4
929,"paperclip",4,4,3,3
929,"paperclip",1,5,1,5
929,"paperclip",3,4,3,4
929,"paperclip",3,4,3,4
929,"paperclip",4,4,2,5
929,"paperclip",2,4,2,5
929,"paperclip",3,4,3,4
929,"paperclip",3,3,3,4
931,"brick",1,5,1,5
931,"brick",2,5,2,4
931,"brick",2,5,2,4
931,"brick",2,3,3,4
931,"brick",2,4,2,4
931,"brick",1,5,2,5
931,"brick",2,4,2,4
931,"brick",2,5,3,4
931,"brick",2,5,2,5
931,"brick",1,5,1,5
931,"brick",2,4,3,4
931,"brick",1,5,2,4
931,"brick",2,5,2,4
931,"brick",2,5,3,4
931,"brick",3,4,2,4
931,"brick",2,5,3,3
931,"brick",2,5,3,4
931,"paperclip",1,5,1,5
931,"paperclip",4,4,3,4
931,"paperclip",4,4,3,4
931,"paperclip",3,4,3,3
931,"paperclip",3,4,1,5
931,"paperclip",3,4,3,5
931,"paperclip",2,4,2,5
931,"paperclip",3,3,3,4
931,"paperclip",3,4,3,4
931,"paperclip",3,4,3,4
931,"paperclip",4,4,3,4
932,"brick",2,5,2,4
932,"brick",4,4,3,3
932,"brick",1,5,1,5
932,"brick",4,5,4,4
932,"brick",2,5,2,3
932,"brick",4,1,4,3
932,"brick",3,3,4,2
932,"brick",2,4,2,3
932,"brick",2,5,2,3
932,"brick",4,3,4,3
932,"paperclip",3,4,3,5
932,"paperclip",3,4,3,3
932,"paperclip",3,4,3,4
932,"paperclip",3,4,3,4
932,"paperclip",4,3,3,4
932,"paperclip",0,0,0,0
932,"paperclip",4,4,2,3
932,"paperclip",3,3,3,4
934,"brick",1,5,1,5
934,"brick",1,5,1,4
934,"brick",1,5,1,5
934,"brick",1,5,3,4
934,"paperclip",1,5,1,4
934,"paperclip",4,4,3,3
939,"brick",1,5,1,5
939,"brick",2,5,2,4
939,"brick",2,4,3,4
939,"brick",2,3,3,4
939,"brick",2,5,3,4
939,"brick",3,4,2,3
939,"brick",1,5,1,5
939,"brick",2,5,2,4
939,"brick",3,3,3,3
939,"paperclip",4,4,3,4
939,"paperclip",3,4,3,4
939,"paperclip",3,4,3,4
939,"paperclip",4,4,3,4
939,"paperclip",4,3,2,4
939,"paperclip",3,4,3,4
939,"paperclip",4,3,4,3
941,"brick",0,0,2,3
941,"brick",0,0,1,5
941,"brick",0,0,2,4
941,"brick",0,0,2,4
941,"brick",0,0,2,5
941,"brick",0,0,2,3
941,"brick",0,0,2,4
941,"brick",0,0,2,5
941,"brick",0,0,3,5
941,"brick",0,0,3,4
941,"paperclip",1,5,1,5
941,"paperclip",3,4,3,4
941,"paperclip",3,3,3,4
941,"paperclip",3,4,2,5
941,"paperclip",4,4,4,3
941,"paperclip",4,2,4,3
941,"paperclip",3,4,2,4
941,"paperclip",4,3,4,3
941,"paperclip",4,3,3,4
941,"paperclip",3,5,3,5
941,"paperclip",4,4,3,5
955,"brick",2,4,2,4
955,"brick",1,5,1,5
955,"brick",3,3,3,3
955,"brick",2,4,3,4
955,"brick",2,5,2,5
955,"brick",3,5,3,4
955,"brick",3,3,3,4
955,"brick",2,5,2,4
955,"brick",2,5,2,4
955,"brick",2,5,3,4
955,"paperclip",1,5,1,5
955,"paperclip",4,4,4,4
955,"paperclip",4,4,3,4
955,"paperclip",3,3,3,3
955,"paperclip",3,5,3,5
955,"paperclip",2,3,3,4
955,"paperclip",4,4,4,4
955,"paperclip",2,3,3,4
955,"paperclip",3,4,2,4
955,"paperclip",3,3,3,3
955,"paperclip",2,3,2,4
955,"paperclip",4,2,4,2
955,"paperclip",2,3,1,5
957,"brick",1,5,1,5
957,"brick",2,5,2,3
957,"brick",2,5,2,4
957,"brick",2,5,3,5
957,"brick",2,5,3,4
957,"brick",2,4,3,4
957,"brick",3,5,2,5
957,"brick",4,4,4,4
957,"brick",3,3,2,3
957,"brick",2,5,3,4
957,"brick",4,5,2,5
957,"brick",4,5,4,3
957,"brick",0,0,0,0
957,"brick",2,5,3,4
957,"brick",4,4,3,4
957,"brick",2,5,2,4
957,"paperclip",1,5,1,5
957,"paperclip",4,4,3,4
957,"paperclip",4,4,4,4
957,"paperclip",4,4,3,4
957,"paperclip",2,4,1,5
957,"paperclip",2,4,2,4
957,"paperclip",2,4,2,5
957,"paperclip",4,4,3,3
957,"paperclip",3,3,4,3
957,"paperclip",4,3,3,4
958,"brick",1,5,1,5
958,"brick",1,5,1,5
958,"brick",2,5,2,4
958,"brick",3,4,3,3
958,"brick",2,3,3,4
958,"brick",2,3,3,4
958,"brick",2,4,2,4
958,"brick",1,5,1,5
958,"brick",1,5,2,4
958,"paperclip",1,5,1,5
958,"paperclip",1,5,1,5
958,"paperclip",3,5,3,5
958,"paperclip",3,4,3,4
960,"brick",2,5,2,4
960,"brick",2,4,2,4
960,"brick",2,5,2,4
960,"brick",1,5,1,5
960,"brick",2,4,3,4
960,"brick",2,5,3,5
960,"brick",2,5,2,5
960,"brick",2,4,2,4
960,"brick",3,3,3,3
960,"brick",3,3,4,2
960,"brick",2,5,2,4
960,"brick",2,4,4,2
960,"paperclip",3,5,3,5
960,"paperclip",2,4,2,5
960,"paperclip",3,3,3,4
960,"paperclip",3,4,3,4
960,"paperclip",3,4,3,4
960,"paperclip",4,4,3,4
960,"paperclip",4,4,3,3
960,"paperclip",3,4,3,4
960,"paperclip",4,4,3,4
960,"paperclip",4,4,3,4
960,"paperclip",2,5,2,4
960,"paperclip",4,5,3,4
960,"paperclip",3,4,3,4
960,"paperclip",3,3,3,3
961,"brick",0,0,0,0
961,"brick",0,0,0,0
961,"paperclip",0,0,0,0
962,"brick",1,5,1,5
962,"brick",2,4,3,4
962,"brick",2,3,3,4
962,"brick",4,3,2,5
962,"brick",1,5,1,4
962,"brick",4,4,4,4
962,"brick",1,5,1,5
962,"brick",1,3,2,4
962,"paperclip",1,5,1,5
962,"paperclip",4,4,3,3
962,"paperclip",3,4,3,5
962,"paperclip",4,5,3,4
962,"paperclip",3,4,3,4
962,"paperclip",2,5,3,4
962,"paperclip",4,4,3,4
962,"paperclip",3,4,3,4
966,"brick",1,5,1,5
966,"brick",1,5,1,5
966,"brick",1,5,1,5
966,"brick",1,5,1,5
966,"brick",2,4,2,3
966,"brick",4,2,1,4
966,"paperclip",1,5,1,5
966,"paperclip",4,4,3,3
966,"paperclip",4,4,3,4
966,"paperclip",4,4,3,4
966,"paperclip",3,4,2,4
966,"paperclip",4,3,3,4
966,"paperclip",3,4,2,4
966,"paperclip",3,4,2,4
966,"paperclip",3,4,3,4
966,"paperclip",4,3,4,2
968,"brick",1,5,1,5
968,"brick",2,5,2,4
968,"brick",2,4,2,4
968,"brick",2,4,3,3
968,"brick",2,5,3,5
968,"brick",3,3,3,3
968,"brick",2,5,2,4
968,"brick",3,4,3,4
968,"brick",4,4,4,3
968,"brick",1,5,1,5
968,"brick",1,4,2,4
968,"paperclip",1,5,1,4
968,"paperclip",4,4,3,3
968,"paperclip",2,4,2,5
968,"paperclip",3,3,3,3
968,"paperclip",3,5,3,5
968,"paperclip",3,3,3,3
970,"brick",1,5,1,5
970,"brick",1,5,1,5
970,"brick",2,3,2,4
970,"brick",1,5,1,5
970,"brick",1,5,1,5
970,"brick",0,0,0,0
970,"brick",4,3,4,2
970,"paperclip",3,4,3,4
970,"paperclip",1,5,1,5
970,"paperclip",3,4,3,4
970,"paperclip",4,4,3,3
970,"paperclip",4,3,2,4
970,"paperclip",3,3,2,4
974,"brick",2,5,3,4
974,"brick",1,5,1,5
974,"brick",2,5,2,4
974,"brick",3,3,3,3
974,"brick",1,4,2,3
974,"brick",1,5,1,5
974,"brick",3,4,2,4
974,"paperclip",1,5,1,5
974,"paperclip",3,4,3,4
974,"paperclip",3,5,3,5
974,"paperclip",2,4,3,4
974,"paperclip",2,4,2,5
974,"paperclip",3,4,4,5
974,"paperclip",4,3,2,4
974,"paperclip",4,4,3,4
974,"paperclip",4,4,3,4
974,"paperclip",3,4,2,5
974,"paperclip",3,4,3,5
974,"paperclip",3,4,3,4
977,"brick",1,5,1,5
977,"brick",2,5,2,4
977,"brick",5,1,4,1
977,"brick",2,5,2,3
977,"brick",4,2,5,2
977,"brick",2,3,3,4
977,"brick",0,0,0,0
977,"brick",2,3,2,4
977,"brick",2,5,2,4
977,"paperclip",4,4,3,3
977,"paperclip",2,4,2,4
977,"paperclip",1,5,1,5
977,"paperclip",0,0,0,0
977,"paperclip",4,4,4,4
977,"paperclip",3,2,3,4
982,"brick",0,0,0,0
982,"brick",0,0,0,0
982,"brick",0,0,0,0
982,"brick",0,0,1,5
984,"brick",1,5,1,5
984,"brick",2,5,2,4
984,"brick",3,5,3,4
984,"brick",4,4,3,4
984,"brick",2,5,2,4
984,"brick",3,3,3,3
984,"brick",2,4,2,4
984,"brick",4,5,3,4
984,"brick",3,2,3,3
984,"brick",3,4,3,3
984,"brick",2,5,3,4
984,"paperclip",4,4,3,4
984,"paperclip",3,4,3,3
984,"paperclip",4,4,3,3
984,"paperclip",3,3,3,4
984,"paperclip",4,4,3,4
984,"paperclip",3,4,3,4
984,"paperclip",3,4,3,4
984,"paperclip",3,4,2,4
984,"paperclip",4,4,4,4
984,"paperclip",4,2,4,2
984,"paperclip",3,3,3,3
984,"paperclip",0,0,0,0
990,"brick",1,5,1,5
990,"brick",2,5,2,4
990,"brick",2,5,2,4
990,"brick",2,5,2,4
990,"brick",2,5,3,4
990,"brick",2,5,2,5
990,"brick",2,5,2,4
990,"brick",1,5,2,4
990,"paperclip",1,5,1,5
990,"paperclip",4,4,3,3
990,"paperclip",3,4,3,4
990,"paperclip",3,5,3,4
990,"paperclip",3,4,2,4
990,"paperclip",2,4,2,4
990,"paperclip",2,4,2,5
990,"paperclip",3,4,2,4
991,"paperclip",1,5,1,5
991,"paperclip",4,4,3,3
991,"paperclip",2,4,2,5
991,"paperclip",2,4,2,5
991,"paperclip",3,4,3,4
991,"paperclip",3,4,3,4
991,"paperclip",3,4,4,3
995,"brick",1,5,1,5
995,"brick",1,5,1,5
995,"brick",1,5,1,5
995,"brick",3,2,2,4
995,"brick",2,1,2,4
995,"brick",1,5,1,5
995,"brick",1,4,2,5
995,"brick",3,3,3,3
995,"paperclip",1,5,1,5
995,"paperclip",4,4,3,3
995,"paperclip",3,3,3,3
995,"paperclip",4,4,3,3
995,"paperclip",2,4,2,5
995,"paperclip",3,5,3,5
995,"paperclip",2,4,2,5
995,"paperclip",2,3,1,4
996,"brick",1,5,1,5
996,"brick",1,5,1,5
996,"brick",3,3,3,3
996,"brick",2,4,2,5
996,"brick",2,5,2,4
996,"brick",2,5,2,4
996,"brick",3,3,2,3
996,"brick",4,2,3,3
996,"brick",5,1,4,1
996,"brick",3,4,3,4
996,"brick",3,5,4,3
996,"brick",3,5,3,4
996,"brick",2,5,3,4
996,"brick",4,3,3,3
996,"brick",1,5,2,4
996,"paperclip",1,5,1,5
996,"paperclip",4,4,3,4
996,"paperclip",3,3,3,4
996,"paperclip",3,4,3,4
996,"paperclip",3,2,3,4
996,"paperclip",3,2,3,4
996,"paperclip",3,3,3,3
996,"paperclip",4,4,3,3
996,"paperclip",4,5,2,5
996,"paperclip",2,4,2,5
996,"paperclip",3,4,3,4
996,"paperclip",3,4,2,4
996,"paperclip",3,3,3,3
996,"paperclip",3,2,3,3
999,"brick",2,1,3,2
999,"brick",1,5,1,5
999,"brick",1,5,1,5
999,"brick",1,5,1,5
999,"brick",1,5,1,4
999,"brick",3,3,2,3
999,"brick",3,3,3,3
999,"brick",3,3,3,3
999,"brick",4,4,3,4
999,"brick",2,5,1,5
999,"brick",3,4,3,3
999,"brick",2,3,2,4
999,"brick",1,5,2,5
999,"brick",2,3,2,4
999,"paperclip",2,4,3,4
999,"paperclip",4,5,3,4
999,"paperclip",3,3,3,4
999,"paperclip",3,5,3,5
999,"paperclip",3,4,3,4
999,"paperclip",3,5,2,5
999,"paperclip",3,4,3,4
999,"paperclip",1,5,1,5
999,"paperclip",2,3,1,4
999,"paperclip",2,3,1,4
999,"paperclip",4,5,3,4
999,"paperclip",3,3,3,4
999,"paperclip",3,4,3,4
999,"paperclip",3,3,3,3
999,"paperclip",3,3,3,5
999,"paperclip",4,4,3,4
1001,"brick",3,3,4,2
1001,"paperclip",4,4,3,3
1002,"brick",2,5,2,4
1002,"brick",1,5,1,5
1002,"brick",2,4,2,5
1002,"brick",2,4,2,4
1002,"brick",2,5,1,4
1002,"brick",2,5,2,4
1002,"brick",2,4,2,4
1002,"brick",3,2,3,4
1002,"brick",2,5,2,4
1002,"brick",2,5,2,5
1002,"brick",3,5,2,5
1002,"brick",2,5,2,3
1002,"brick",2,5,2,4
1002,"brick",2,5,2,2
1002,"brick",2,5,2,4
1002,"brick",4,3,5,2
1002,"brick",2,4,2,3
1002,"brick",3,5,3,4
1002,"paperclip",2,3,1,4
1002,"paperclip",2,4,2,4
1002,"paperclip",4,4,3,4
1002,"paperclip",3,4,3,4
1002,"paperclip",3,3,3,4
1002,"paperclip",3,5,3,5
1002,"paperclip",3,3,2,4
1002,"paperclip",3,4,2,5
1002,"paperclip",4,4,3,3
1002,"paperclip",4,4,3,4
1002,"paperclip",3,4,3,4
1002,"paperclip",4,4,3,4
1002,"paperclip",4,2,3,2
1002,"paperclip",4,3,4,1
1002,"paperclip",2,4,2,4
1002,"paperclip",2,4,2,4
1005,"brick",2,3,3,4
1005,"brick",3,2,4,2
1005,"brick",4,2,3,2
1005,"brick",1,5,1,5
1005,"brick",3,3,2,3
1005,"brick",4,4,3,4
1005,"brick",3,5,3,4
1005,"brick",2,4,2,4
1005,"brick",2,5,3,3
1005,"brick",4,2,2,3
1005,"brick",3,2,4,1
1005,"brick",1,5,1,5
1005,"brick",4,2,4,2
1005,"brick",3,3,4,2
1005,"brick",5,2,4,3
1005,"brick",3,3,3,2
1005,"paperclip",1,5,1,5
1005,"paperclip",3,4,3,4
1005,"paperclip",3,4,3,4
1005,"paperclip",4,4,4,4
1005,"paperclip",3,3,3,4
1005,"paperclip",3,3,3,4
1005,"paperclip",3,4,3,4
1005,"paperclip",4,4,3,3
1005,"paperclip",3,3,3,5
1005,"paperclip",4,5,2,4
1005,"paperclip",4,4,4,3
1005,"paperclip",4,3,2,5
1005,"paperclip",2,2,3,4
1005,"paperclip",4,4,3,4
1005,"paperclip",4,3,4,3
1005,"paperclip",4,4,4,3
1006,"brick",2,5,2,4
1006,"brick",1,5,1,5
1006,"brick",2,5,2,3
1006,"brick",2,5,2,4
1006,"brick",1,5,2,4
1006,"brick",3,3,3,3
1006,"brick",3,3,3,3
1006,"brick",2,3,3,4
1006,"brick",2,5,2,4
1006,"brick",5,1,3,4
1006,"brick",2,5,2,4
1006,"brick",2,4,2,4
1006,"brick",2,5,2,5
1006,"brick",2,4,2,4
1006,"brick",3,5,2,5
1006,"paperclip",1,5,1,5
1006,"paperclip",4,4,3,3
1006,"paperclip",3,5,3,5
1006,"paperclip",3,3,3,4
1006,"paperclip",3,4,2,5
1006,"paperclip",3,4,3,4
1006,"paperclip",3,4,3,4
1006,"paperclip",3,4,3,4
1006,"paperclip",2,4,2,5
1006,"paperclip",3,4,2,5
1006,"paperclip",2,4,2,5
1010,"brick",5,1,4,1
1010,"brick",1,5,1,5
1010,"brick",2,5,2,5
1010,"brick",2,5,3,4
1010,"brick",1,4,2,4
1010,"brick",4,5,4,4
1010,"paperclip",4,4,3,3
1010,"paperclip",2,4,2,4
1010,"paperclip",2,3,1,4
1010,"paperclip",3,3,3,3
1010,"paperclip",3,4,2,4
1010,"paperclip",3,5,3,5
1010,"paperclip",3,4,3,4
1010,"paperclip",3,4,3,4
1010,"paperclip",2,2,3,4
1013,"brick",1,5,1,5
1013,"brick",4,3,2,5
1013,"brick",2,5,2,4
1013,"brick",2,5,2,4
1013,"brick",2,5,2,4
1013,"brick",4,4,3,4
1013,"brick",1,5,1,5
1013,"brick",1,5,1,5
1013,"brick",2,5,4,3
1013,"brick",2,5,3,3
1013,"brick",3,2,4,3
1013,"paperclip",2,4,2,5
1013,"paperclip",3,4,3,4
1013,"paperclip",4,4,3,4
1013,"paperclip",2,3,1,4
1013,"paperclip",3,4,2,3
1013,"paperclip",3,4,3,4
1013,"paperclip",3,4,3,4
1013,"paperclip",4,4,3,3
1014,"brick",1,5,1,5
1014,"brick",2,5,2,4
1014,"brick",2,5,2,3
1014,"brick",2,4,2,4
1014,"brick",2,5,2,4
1014,"brick",4,4,3,4
1014,"brick",2,5,3,5
1014,"brick",2,5,2,5
1014,"brick",2,5,3,4
1014,"paperclip",1,5,1,5
1014,"paperclip",4,4,3,3
1014,"paperclip",4,4,3,3
1014,"paperclip",2,3,2,4
1014,"paperclip",3,4,3,4
1014,"paperclip",2,5,3,5
1014,"paperclip",2,4,2,5
1014,"paperclip",3,4,2,4
1014,"paperclip",3,4,3,4
1014,"paperclip",3,4,3,4
1014,"paperclip",4,4,4,4
1014,"paperclip",3,3,2,5
1014,"paperclip",3,3,4,4
1014,"paperclip",2,4,3,5
1014,"paperclip",3,4,2,4
1015,"brick",1,5,1,5
1015,"brick",2,5,2,4
1015,"brick",2,5,1,4
1015,"brick",3,3,3,3
1015,"brick",2,4,2,4
1015,"brick",1,5,1,5
1015,"brick",2,5,2,4
1015,"brick",2,5,2,3
1015,"brick",3,5,2,4
1015,"brick",2,5,2,3
1015,"brick",2,5,2,4
1015,"brick",1,5,1,4
1015,"brick",2,3,2,4
1015,"brick",3,3,3,3
1015,"brick",3,5,2,3
1015,"brick",3,5,2,3
1015,"paperclip",3,3,1,4
1015,"paperclip",3,3,1,0
1015,"paperclip",2,2,2,5
1015,"paperclip",4,4,3,3
1015,"paperclip",2,3,1,4
1015,"paperclip",1,5,2,5
1015,"paperclip",3,5,3,5
1015,"paperclip",4,4,3,3
1015,"paperclip",2,4,2,4
1015,"paperclip",2,4,2,5
1017,"brick",2,5,2,4
1017,"brick",1,5,1,5
1017,"brick",2,5,2,4
1017,"brick",2,5,2,5
1017,"brick",2,5,3,4
1017,"brick",2,4,3,4
1017,"brick",2,5,2,5
1017,"brick",2,4,2,4
1017,"brick",3,3,3,3
1017,"brick",2,5,3,3
1017,"brick",2,5,2,3
1017,"brick",2,4,3,4
1017,"brick",3,4,2,4
1017,"brick",2,5,2,4
1017,"brick",2,5,2,4
1017,"brick",5,2,4,3
1017,"brick",4,5,3,4
1017,"brick",2,5,2,4
1017,"paperclip",4,4,3,3
1017,"paperclip",3,5,3,5
1017,"paperclip",1,5,1,4
1017,"paperclip",3,5,3,4
1017,"paperclip",2,4,3,5
1017,"paperclip",4,4,3,4
1017,"paperclip",4,4,3,4
1017,"paperclip",4,4,3,4
1017,"paperclip",3,4,3,4
1017,"paperclip",2,3,2,4
1017,"paperclip",3,4,2,4
1017,"paperclip",2,4,2,5
1017,"paperclip",3,4,3,4
1017,"paperclip",3,3,3,3
1017,"paperclip",3,3,3,4
1017,"paperclip",4,4,3,4
1019,"brick",2,4,3,4
1019,"brick",2,5,2,5
1019,"brick",2,4,2,3
1019,"brick",2,5,2,4
1019,"brick",2,5,3,5
1019,"brick",2,5,2,5
1019,"paperclip",4,4,3,3
1019,"paperclip",4,4,3,4
1019,"paperclip",4,4,3,4
1019,"paperclip",3,4,3,4
1019,"paperclip",3,3,3,4
1020,"brick",2,4,2,4
1020,"brick",1,5,1,5
1020,"brick",3,3,3,3
1020,"brick",2,5,2,4
1020,"brick",2,4,2,4
1020,"brick",3,4,3,3
1020,"brick",1,5,2,4
1020,"paperclip",3,5,3,5
1020,"paperclip",3,5,3,5
1021,"brick",1,5,1,5
1021,"brick",2,4,3,4
1021,"brick",2,5,2,4
1021,"brick",2,5,2,3
1021,"brick",3,4,2,3
1021,"brick",2,5,2,5
1021,"brick",2,5,2,4
1021,"brick",3,4,2,3
1021,"brick",2,4,2,3
1021,"brick",2,3,3,4
1021,"brick",3,4,3,4
1021,"paperclip",1,5,1,5
1021,"paperclip",4,4,3,4
1021,"paperclip",4,4,4,4
1021,"paperclip",3,3,1,4
1021,"paperclip",2,3,1,4
1021,"paperclip",2,4,3,5
1021,"paperclip",2,3,2,4
1021,"paperclip",3,4,4,4
1021,"paperclip",3,3,3,3
1022,"brick",1,5,1,5
1022,"brick",1,5,1,5
1022,"brick",2,5,2,4
1022,"brick",2,4,2,4
1022,"brick",2,4,2,3
1022,"brick",2,5,2,4
1022,"brick",1,5,1,5
1022,"brick",4,5,3,3
1022,"brick",2,5,3,4
1022,"brick",2,5,2,4
1022,"brick",2,3,3,4
1022,"brick",3,2,3,4
1022,"brick",3,4,3,3
1022,"brick",2,5,2,4
1022,"paperclip",1,5,1,5
1022,"paperclip",3,5,3,5
1022,"paperclip",3,4,3,4
1022,"paperclip",3,4,2,5
1022,"paperclip",2,4,2,4
1022,"paperclip",3,3,3,4
1022,"paperclip",3,4,3,4
1022,"paperclip",3,4,3,4
1022,"paperclip",4,4,3,4
1022,"paperclip",2,5,3,4
1023,"brick",1,5,1,5
1023,"brick",1,5,1,5
1023,"brick",2,5,2,4
1023,"brick",2,4,2,5
1023,"brick",3,2,3,3
1023,"brick",3,3,3,3
1023,"brick",2,4,2,3
1023,"brick",2,5,2,4
1023,"brick",2,5,2,4
1023,"brick",3,4,3,4
1023,"brick",3,5,3,4
1023,"brick",2,3,4,2
1023,"brick",2,4,2,3
1023,"paperclip",1,5,1,5
1023,"paperclip",1,5,1,5
1023,"paperclip",2,4,1,5
1023,"paperclip",3,3,3,4
1023,"paperclip",3,4,3,4
1023,"paperclip",4,4,3,3
1023,"paperclip",3,4,3,4
1023,"paperclip",3,4,3,4
1023,"paperclip",2,4,2,4
1023,"paperclip",4,4,3,4
1023,"paperclip",2,4,3,4
1023,"paperclip",3,4,3,5
1023,"paperclip",4,4,2,5
1024,"brick",1,5,1,5
1024,"brick",2,5,2,4
1024,"brick",3,3,3,3
1024,"brick",1,5,2,4
1024,"brick",3,3,3,4
1024,"brick",4,5,3,4
1024,"brick",3,4,3,3
1024,"brick",3,4,3,4
1024,"brick",2,5,3,3
1024,"brick",2,4,4,2
1024,"brick",4,5,3,4
1024,"brick",4,5,3,4
1024,"brick",4,1,4,1
1024,"brick",2,5,2,3
1024,"brick",2,4,1,5
1024,"brick",2,5,2,4
1024,"brick",2,5,2,3
1024,"paperclip",4,4,3,3
1024,"paperclip",1,5,1,5
1024,"paperclip",3,3,3,4
1024,"paperclip",2,3,2,5
1024,"paperclip",4,4,3,4
1024,"paperclip",3,4,3,4
1024,"paperclip",3,5,3,4
1024,"paperclip",4,4,3,3
1024,"paperclip",4,4,4,4
1024,"paperclip",4,4,3,3
1024,"paperclip",4,4,4,4
1024,"paperclip",2,4,2,5
1025,"brick",1,5,1,5
1025,"brick",2,5,2,4
1025,"brick",2,3,2,3
1025,"brick",2,3,2,4
1025,"brick",2,5,2,4
1025,"brick",2,5,2,4
1025,"brick",2,3,3,4
1025,"brick",2,5,3,3
1025,"brick",2,5,2,4
1025,"brick",2,5,2,3
1025,"brick",3,5,3,4
1025,"brick",2,5,3,4
1025,"brick",2,5,2,4
1025,"brick",2,5,2,4
1025,"paperclip",1,5,1,5
1025,"paperclip",4,4,3,3
1025,"paperclip",3,5,3,5
1025,"paperclip",2,4,2,5
1025,"paperclip",3,4,1,4
1025,"paperclip",3,4,3,4
1025,"paperclip",3,4,4,4
1025,"paperclip",4,3,3,2
1025,"paperclip",4,4,3,4
1025,"paperclip",3,4,3,4
1025,"paperclip",2,5,3,5
1025,"paperclip",4,4,3,4
1026,"brick",1,5,1,5
1026,"brick",2,4,1,5
1026,"brick",1,5,1,5
1026,"brick",3,3,0,0
1026,"brick",2,3,3,3
1026,"brick",1,5,1,5
1026,"brick",1,5,1,5
1026,"brick",2,5,3,2
1026,"brick",1,5,2,3
1026,"paperclip",1,5,1,5
1026,"paperclip",1,5,1,5
1026,"paperclip",1,3,1,5
1026,"paperclip",0,0,3,4
1026,"paperclip",2,3,1,4
1026,"paperclip",1,5,1,5
1028,"brick",1,5,1,5
1028,"brick",4,5,4,4
1028,"brick",1,5,1,5
1028,"brick",2,5,2,4
1028,"brick",3,3,3,3
1028,"brick",2,5,2,4
1028,"brick",4,4,4,3
1028,"brick",2,5,2,4
1028,"brick",2,4,2,4
1028,"brick",2,5,2,5
1028,"brick",2,5,3,4
1028,"brick",2,4,3,3
1028,"brick",2,5,2,4
1028,"paperclip",3,3,3,4
1028,"paperclip",1,5,1,5
1028,"paperclip",4,4,3,3
1028,"paperclip",3,4,3,4
1028,"paperclip",4,4,3,4
1028,"paperclip",3,5,3,5
1028,"paperclip",3,4,2,4
1029,"brick",1,5,1,5
1029,"brick",2,5,2,4
1029,"brick",2,4,2,4
1029,"brick",2,5,2,5
1029,"brick",3,3,3,3
1029,"brick",2,4,2,4
1029,"brick",1,5,1,5
1029,"brick",3,4,3,4
1029,"brick",2,4,4,3
1029,"brick",2,5,2,5
1029,"brick",3,3,3,3
1029,"brick",2,4,3,4
1029,"brick",2,5,3,5
1029,"paperclip",1,5,1,5
1029,"paperclip",3,5,3,5
1029,"paperclip",3,4,3,4
1029,"paperclip",3,4,3,5
1029,"paperclip",2,3,2,4
1029,"paperclip",2,3,3,3
1029,"paperclip",3,3,3,2
1029,"paperclip",4,4,3,4
1029,"paperclip",3,4,3,4
1029,"paperclip",4,4,3,4
1029,"paperclip",3,2,3,3
1029,"paperclip",2,4,2,4
1030,"brick",1,5,1,5
1030,"brick",2,4,2,4
1030,"brick",2,5,2,4
1030,"brick",2,4,2,3
1030,"brick",1,5,1,5
1030,"brick",2,5,2,5
1030,"brick",3,5,4,4
1030,"paperclip",1,5,1,5
1030,"paperclip",4,4,3,3
1030,"paperclip",3,4,3,5
1030,"paperclip",2,4,3,4
1030,"paperclip",2,3,1,4
1030,"paperclip",3,3,4,4
1030,"paperclip",4,4,3,4
1030,"paperclip",4,4,3,4
1030,"paperclip",2,4,2,5
1031,"brick",1,5,1,5
1031,"brick",1,5,1,5
1031,"brick",1,5,1,5
1031,"brick",1,5,1,5
1031,"brick",2,5,2,4
1031,"brick",2,4,2,3
1031,"brick",3,1,0,0
1031,"brick",2,1,3,2
1031,"paperclip",0,0,0,0
1031,"paperclip",0,0,1,0
1031,"paperclip",0,0,0,0
1031,"paperclip",0,0,1,4
1031,"paperclip",3,4,3,2
1031,"paperclip",4,4,3,3
1031,"paperclip",4,4,3,3
1031,"paperclip",3,5,3,5
1031,"paperclip",2,4,2,5
1032,"brick",0,0,1,2
1032,"brick",0,0,1,5
1032,"brick",0,0,0,0
1032,"brick",0,0,0,0
1032,"brick",0,0,0,0
1032,"brick",0,0,0,0
1032,"brick",0,0,3,4
1032,"brick",0,0,1,5
1032,"brick",0,0,1,5
1032,"brick",0,0,0,0
1032,"brick",0,0,0,0
1032,"brick",0,0,0,0
1032,"brick",0,0,0,0
1032,"brick",0,0,0,0
1032,"brick",0,0,0,0
1032,"brick",0,0,0,0
1032,"paperclip",0,0,0,0
1032,"paperclip",0,0,0,0
1032,"paperclip",0,0,0,0
1032,"paperclip",0,0,0,0
1032,"paperclip",0,0,1,1
1032,"paperclip",0,0,0,0
1032,"paperclip",0,0,0,0
1032,"paperclip",0,0,0,0
1032,"paperclip",3,3,3,3
1032,"paperclip",0,0,0,0
1032,"paperclip",0,0,0,0
1032,"paperclip",0,0,3,1
1032,"paperclip",0,0,0,0
1032,"paperclip",0,0,4,3
1032,"paperclip",0,0,0,0
1032,"paperclip",0,0,0,0
1032,"paperclip",0,0,0,0
1032,"paperclip",0,0,0,0
1032,"paperclip",0,0,0,0
1032,"paperclip",2,3,2,4
1032,"paperclip",3,2,0,0
1033,"brick",1,5,1,5
1033,"brick",2,4,2,4
1033,"brick",4,2,4,3
1033,"brick",2,3,3,4
1033,"brick",4,3,2,3
1033,"brick",3,4,3,3
1033,"brick",4,2,5,1
1033,"brick",3,4,3,3
1033,"brick",2,5,2,3
1033,"brick",2,5,2,5
1033,"paperclip",1,5,1,5
1033,"paperclip",3,5,3,5
1033,"paperclip",4,4,3,3
1033,"paperclip",3,3,2,4
1033,"paperclip",2,2,3,4
1033,"paperclip",3,3,3,3
1033,"paperclip",3,3,3,4
1033,"paperclip",3,3,3,3
1033,"paperclip",4,2,4,4
1034,"brick",1,5,1,5
1034,"brick",2,5,2,4
1034,"brick",2,4,2,4
1034,"brick",4,4,3,3
1034,"brick",2,5,2,4
1034,"brick",2,5,2,4
1034,"brick",3,4,2,4
1034,"brick",2,5,2,4
1034,"brick",4,2,5,2
1034,"paperclip",4,4,3,3
1034,"paperclip",1,5,1,5
1034,"paperclip",3,4,2,4
1034,"paperclip",4,4,3,4
1034,"paperclip",3,4,3,4
1034,"paperclip",3,4,2,4
1034,"paperclip",3,4,3,4
1034,"paperclip",2,4,2,5
1034,"paperclip",3,4,3,4
1034,"paperclip",4,4,3,3
1035,"brick",1,5,1,5
1035,"brick",3,3,3,4
1035,"brick",2,5,2,5
1035,"brick",4,3,3,3
1035,"brick",2,5,2,4
1035,"brick",2,5,3,4
1035,"brick",2,5,3,4
1035,"brick",2,5,2,3
1035,"brick",2,4,2,4
1035,"brick",2,5,2,3
1035,"brick",2,5,2,5
1035,"brick",2,5,2,3
1035,"paperclip",1,5,1,4
1035,"paperclip",3,5,3,5
1035,"paperclip",4,4,3,3
1035,"paperclip",4,4,2,5
1035,"paperclip",2,4,3,5
1035,"paperclip",3,3,2,4
1035,"paperclip",3,3,3,5
1035,"paperclip",2,3,2,5
1035,"paperclip",3,3,3,3
1035,"paperclip",4,3,3,3
1035,"paperclip",4,4,4,4
1036,"brick",2,5,2,4
1036,"brick",3,5,3,4
1036,"brick",2,5,1,4
1036,"brick",2,5,2,4
1036,"brick",1,5,1,5
1036,"brick",2,5,2,3
1036,"brick",2,3,3,4
1036,"brick",2,3,3,4
1036,"brick",4,5,3,4
1036,"brick",2,5,2,4
1036,"brick",2,4,2,4
1036,"brick",2,4,3,4
1036,"brick",2,4,2,4
1036,"brick",5,1,5,1
1036,"brick",3,3,3,3
1036,"brick",4,3,3,3
1036,"brick",4,3,3,3
1036,"brick",4,3,3,4
1036,"brick",3,3,3,3
1036,"brick",3,4,3,4
1036,"brick",4,4,3,4
1036,"brick",2,4,3,4
1036,"paperclip",1,5,1,5
1036,"paperclip",4,4,3,3
1036,"paperclip",2,4,2,4
1036,"paperclip",3,3,1,5
1036,"paperclip",4,3,4,4
1036,"paperclip",4,4,3,3
1036,"paperclip",3,3,3,4
1036,"paperclip",2,4,2,5
1036,"paperclip",3,4,2,4
1036,"paperclip",3,3,3,4
1036,"paperclip",3,3,3,4
1036,"paperclip",4,4,3,4
1036,"paperclip",3,3,3,3
1036,"paperclip",3,5,3,5
1036,"paperclip",2,4,2,4
1036,"paperclip",4,4,3,4
1036,"paperclip",2,4,2,5
1037,"brick",2,5,3,5
1037,"brick",2,5,2,5
1037,"brick",3,3,3,3
1037,"brick",2,4,2,4
1037,"brick",2,5,2,4
1037,"brick",3,3,3,3
1037,"brick",4,2,3,4
1037,"brick",3,5,2,3
1037,"brick",2,5,3,5
1037,"brick",2,5,2,5
1037,"brick",2,5,2,4
1037,"brick",2,4,2,4
1037,"paperclip",4,4,3,3
1037,"paperclip",3,4,2,3
1037,"paperclip",4,2,4,3
1037,"paperclip",5,4,4,3
1037,"paperclip",4,4,4,4
1037,"paperclip",3,4,3,4
1037,"paperclip",4,4,3,4
1037,"paperclip",3,4,3,4
1037,"paperclip",3,4,3,4
1037,"paperclip",4,4,3,4
1037,"paperclip",4,4,3,4
1037,"paperclip",2,5,3,5
1037,"paperclip",3,4,2,4
1037,"paperclip",2,4,3,4
1038,"brick",1,5,1,5
1038,"brick",1,5,1,5
1038,"brick",2,5,2,4
1038,"brick",2,5,2,4
1038,"brick",1,5,2,4
1038,"brick",2,5,2,4
1038,"brick",2,5,2,5
1038,"brick",2,5,2,5
1038,"brick",1,5,2,4
1038,"brick",4,3,3,3
1038,"brick",2,5,1,4
1038,"brick",2,4,3,3
1038,"brick",2,5,2,5
1038,"brick",2,5,2,5
1038,"brick",2,4,1,5
1038,"brick",2,5,3,4
1038,"brick",2,4,2,3
1038,"paperclip",2,4,2,4
1038,"paperclip",4,4,3,4
1038,"paperclip",2,4,2,5
1038,"paperclip",3,5,3,5
1038,"paperclip",3,4,3,5
1038,"paperclip",3,3,3,4
1038,"paperclip",3,3,3,4
1038,"paperclip",4,5,3,4
1038,"paperclip",3,4,3,4
1038,"paperclip",3,4,2,5
1038,"paperclip",3,4,3,4
1038,"paperclip",2,3,1,4
1038,"paperclip",3,4,2,4
1038,"paperclip",3,3,1,5
1040,"brick",2,3,4,2
1040,"brick",1,5,1,5
1040,"brick",4,2,4,2
1040,"brick",2,5,3,5
1040,"brick",2,5,3,5
1040,"brick",3,3,3,4
1040,"brick",2,3,4,2
1040,"brick",5,5,3,3
1040,"brick",3,3,3,3
1040,"brick",4,4,4,2
1040,"brick",2,5,4,2
1040,"brick",4,4,3,4
1040,"brick",0,0,3,3
1040,"brick",3,3,4,2
1040,"paperclip",1,5,1,5
1040,"paperclip",2,4,2,5
1040,"paperclip",4,4,3,4
1040,"paperclip",2,3,2,5
1040,"paperclip",4,4,3,3
1040,"paperclip",3,3,2,5
1040,"paperclip",3,4,3,4
1040,"paperclip",4,4,4,3
1040,"paperclip",2,3,1,5
1041,"brick",1,5,1,5
1041,"brick",1,5,1,5
1041,"brick",2,3,3,4
1041,"brick",2,4,2,4
1041,"brick",2,3,2,4
1041,"brick",3,4,3,4
1041,"brick",3,3,3,4
1041,"brick",2,5,2,4
1041,"brick",2,5,3,4
1041,"brick",3,3,2,4
1041,"brick",4,1,4,2
1041,"brick",2,5,1,4
1041,"paperclip",2,4,2,4
1041,"paperclip",4,3,3,3
1041,"paperclip",4,4,3,3
1041,"paperclip",4,3,3,3
1041,"paperclip",3,4,3,4
1041,"paperclip",3,4,2,2
1041,"paperclip",3,3,3,4
1041,"paperclip",4,1,4,3
1041,"paperclip",3,4,2,4
1041,"paperclip",4,4,3,4
1041,"paperclip",4,4,3,4
1041,"paperclip",4,2,3,3
1041,"paperclip",4,3,4,3
1042,"brick",2,5,3,5
1042,"brick",3,4,3,3
1042,"brick",2,4,3,3
1042,"brick",2,5,2,4
1042,"brick",3,5,2,4
1042,"brick",2,5,2,4
1042,"brick",2,4,2,4
1042,"brick",4,4,3,2
1042,"paperclip",2,5,3,5
1042,"paperclip",4,4,4,3
1042,"paperclip",3,4,3,4
1042,"paperclip",4,1,0,0
1042,"paperclip",0,0,0,0
1042,"paperclip",1,5,1,5
1042,"paperclip",5,4,4,4
1042,"paperclip",3,3,3,4
1042,"paperclip",3,3,3,3
1043,"brick",1,5,1,5
1043,"brick",4,3,2,4
1043,"brick",2,4,2,4
1043,"brick",2,3,2,4
1043,"brick",2,4,2,4
1043,"brick",3,5,2,3
1043,"brick",1,5,2,4
1043,"brick",1,5,1,5
1043,"brick",2,4,1,5
1043,"brick",3,5,2,3
1043,"brick",2,5,3,3
1043,"brick",2,5,2,3
1043,"brick",2,5,2,2
1043,"brick",1,5,1,5
1043,"brick",2,5,2,5
1043,"brick",4,3,2,3
1043,"brick",3,5,3,4
1043,"paperclip",1,5,1,5
1043,"paperclip",3,5,3,5
1043,"paperclip",4,4,3,3
1043,"paperclip",3,4,2,4
1043,"paperclip",0,0,0,0
1043,"paperclip",2,4,2,5
1043,"paperclip",3,2,2,4
1043,"paperclip",2,4,2,4
1043,"paperclip",4,4,4,4
1043,"paperclip",3,3,4,3
1043,"paperclip",3,4,3,5
1043,"paperclip",4,4,4,4
1043,"paperclip",3,4,3,4
1043,"paperclip",4,4,3,4
1043,"paperclip",3,4,3,4
1044,"brick",2,5,2,4
1044,"brick",1,5,1,5
1044,"brick",1,5,1,5
1044,"brick",1,5,1,5
1044,"brick",1,5,2,4
1044,"brick",4,4,2,3
1044,"paperclip",3,3,3,4
1044,"paperclip",1,5,1,5
1044,"paperclip",3,4,3,4
1044,"paperclip",3,3,2,4
1044,"paperclip",2,4,2,5
1045,"brick",1,5,1,5
1045,"brick",1,5,2,4
1045,"brick",2,5,2,5
1045,"brick",2,5,2,4
1045,"brick",1,5,2,4
1045,"brick",2,5,2,4
1045,"brick",1,5,1,5
1045,"brick",2,4,2,4
1045,"paperclip",3,4,3,4
1045,"paperclip",2,4,2,4
1045,"paperclip",3,5,3,5
1045,"paperclip",2,3,1,4
1045,"paperclip",3,4,3,4
1047,"brick",1,5,1,5
1047,"brick",1,5,1,5
1047,"brick",2,3,3,4
1047,"brick",2,5,2,4
1047,"brick",2,3,3,4
1047,"brick",1,5,1,5
1047,"brick",3,3,2,4
1047,"brick",1,5,1,5
1047,"brick",1,5,1,5
1047,"brick",4,2,3,2
1047,"brick",4,2,2,3
1047,"brick",1,5,1,4
1047,"brick",3,3,3,3
1047,"brick",3,3,2,3
1047,"brick",3,3,2,3
1047,"brick",0,0,2,3
1047,"brick",3,3,3,4
1047,"brick",1,5,1,5
1047,"brick",1,4,2,4
1047,"brick",3,4,3,3
1047,"brick",2,2,2,3
1047,"brick",3,5,3,4
1047,"paperclip",4,4,3,4
1047,"paperclip",3,4,3,4
1047,"paperclip",1,5,1,5
1047,"paperclip",4,4,3,4
1047,"paperclip",3,3,4,3
1047,"paperclip",4,4,3,3
1047,"paperclip",3,3,2,3
1047,"paperclip",4,4,3,4
1047,"paperclip",4,4,4,4
1047,"paperclip",3,4,2,4
1047,"paperclip",4,3,3,3
1047,"paperclip",3,3,3,4
1047,"paperclip",3,3,3,4
1047,"paperclip",3,3,2,3
1047,"paperclip",3,2,3,2
1047,"paperclip",3,2,3,3
1047,"paperclip",4,1,4,2
1049,"brick",1,5,1,5
1049,"brick",2,5,2,4
1049,"brick",2,5,2,4
1049,"brick",3,4,3,3
1049,"brick",2,5,3,4
1049,"brick",4,2,2,3
1049,"brick",3,3,3,3
1049,"brick",1,5,1,5
1049,"brick",2,5,2,4
1049,"brick",2,5,3,4
1049,"brick",2,4,1,5
1049,"brick",3,5,1,5
1049,"brick",3,3,2,4
1049,"brick",3,3,3,3
1049,"brick",3,4,2,3
1049,"paperclip",1,5,1,5
1049,"paperclip",3,3,3,3
1049,"paperclip",3,3,3,4
1049,"paperclip",2,3,1,4
1049,"paperclip",3,3,3,4
1049,"paperclip",4,4,3,4
1049,"paperclip",3,4,3,4
1049,"paperclip",3,4,3,4
1049,"paperclip",3,4,2,4
1049,"paperclip",3,4,2,4
1049,"paperclip",3,5,3,5
1049,"paperclip",2,5,3,5
1050,"brick",1,5,1,5
1050,"brick",2,5,0,0
1050,"brick",2,5,2,4
1050,"brick",1,5,2,4
1050,"brick",2,5,3,4
1050,"brick",2,2,4,2
1050,"brick",2,5,2,4
1050,"brick",2,5,2,5
1050,"brick",4,4,3,4
1050,"brick",2,3,3,4
1050,"brick",3,3,3,3
1050,"brick",3,5,3,3
1050,"brick",2,5,2,3
1050,"brick",1,5,1,5
1050,"brick",1,5,1,5
1050,"brick",2,5,3,4
1050,"brick",2,5,2,4
1050,"brick",2,4,3,5
1050,"paperclip",4,4,3,3
1050,"paperclip",4,4,3,3
1050,"paperclip",1,5,1,5
1050,"paperclip",4,4,3,4
1050,"paperclip",4,4,3,4
1050,"paperclip",3,4,2,4
1050,"paperclip",3,4,3,4
1050,"paperclip",3,4,3,4
1050,"paperclip",3,5,3,4
1050,"paperclip",3,4,3,4
1050,"paperclip",3,4,3,4
1050,"paperclip",3,4,3,4
1050,"paperclip",4,4,3,3
1050,"paperclip",3,4,3,4
1051,"brick",1,5,1,5
1051,"brick",2,4,2,4
1051,"brick",2,5,1,4
1051,"brick",2,5,2,4
1051,"brick",2,3,3,4
1051,"brick",2,3,3,4
1051,"brick",2,5,2,4
1051,"brick",3,4,2,4
1051,"brick",4,3,2,5
1051,"paperclip",2,3,1,4
1051,"paperclip",4,4,3,3
1051,"paperclip",2,3,1,4
1051,"paperclip",3,4,3,4
1051,"paperclip",3,3,3,3
1052,"brick",4,2,3,2
1052,"brick",2,3,3,4
1052,"brick",4,2,3,2
1052,"brick",3,3,2,4
1052,"brick",2,3,3,4
1052,"brick",3,3,3,3
1052,"brick",3,3,3,3
1052,"brick",2,3,3,3
1052,"brick",2,3,3,3
1052,"brick",4,2,4,2
1052,"brick",3,4,3,4
1052,"brick",2,4,2,4
1052,"brick",2,4,3,3
1052,"paperclip",4,4,3,3
1052,"paperclip",3,5,3,5
1052,"paperclip",3,3,3,4
1052,"paperclip",3,4,3,4
1052,"paperclip",3,4,2,4
1052,"paperclip",3,3,3,4
1052,"paperclip",3,4,2,4
1052,"paperclip",3,3,3,4
1052,"paperclip",3,3,4,4
1052,"paperclip",3,3,3,4
1052,"paperclip",3,4,3,5
1054,"brick",1,5,1,5
1054,"brick",2,5,2,4
1054,"brick",2,5,2,4
1054,"paperclip",4,4,3,3
1054,"paperclip",4,3,3,4
1054,"paperclip",3,5,3,5
1054,"paperclip",3,4,3,4
1056,"brick",2,5,2,4
1056,"brick",1,5,1,5
1056,"brick",2,5,2,3
1056,"brick",2,5,1,4
1056,"brick",3,2,3,3
1056,"brick",2,5,2,4
1056,"brick",3,5,2,4
1056,"brick",2,5,2,4
1056,"brick",2,4,2,4
1056,"brick",2,5,2,4
1056,"brick",2,5,2,4
1056,"brick",2,4,1,5
1056,"brick",4,5,4,4
1056,"brick",2,5,2,4
1056,"brick",3,2,3,2
1056,"brick",4,2,2,3
1056,"brick",1,5,1,5
1056,"brick",1,5,1,5
1056,"brick",2,5,2,3
1056,"brick",2,5,3,3
1056,"paperclip",1,5,1,5
1056,"paperclip",3,5,3,5
1056,"paperclip",4,4,3,3
1056,"paperclip",2,3,2,5
1056,"paperclip",3,4,3,4
1056,"paperclip",3,4,2,4
1056,"paperclip",3,3,4,3
1056,"paperclip",2,4,2,4
1056,"paperclip",3,4,2,4
1056,"paperclip",2,4,2,4
1056,"paperclip",2,4,3,4
1056,"paperclip",2,4,2,5
1056,"paperclip",3,3,2,4
1056,"paperclip",3,4,3,4
1056,"paperclip",3,5,3,5
1056,"paperclip",3,5,3,4
1056,"paperclip",4,4,3,4
1056,"paperclip",4,4,3,4
1056,"paperclip",3,4,3,2
1058,"brick",1,5,1,5
1058,"brick",2,5,2,4
1058,"brick",2,5,2,5
1058,"brick",3,3,2,4
1058,"brick",4,2,3,3
1058,"brick",2,4,2,4
1058,"brick",2,4,1,5
1058,"brick",3,5,3,4
1058,"paperclip",4,3,3,0
1058,"paperclip",1,5,1,5
1058,"paperclip",3,5,3,5
1058,"paperclip",2,4,1,5
1058,"paperclip",3,4,3,4
1058,"paperclip",3,4,3,4
1064,"brick",2,5,2,3
1064,"brick",2,5,3,5
1064,"brick",1,5,1,5
1064,"brick",3,4,4,4
1064,"brick",3,5,2,3
1064,"brick",3,5,3,4
1064,"brick",2,5,2,4
1064,"brick",3,5,2,5
1064,"brick",2,4,2,4
1064,"brick",2,4,2,4
1064,"brick",2,5,3,4
1064,"brick",3,3,2,3
1064,"paperclip",1,5,1,5
1064,"paperclip",3,4,2,4
1064,"paperclip",4,4,3,3
1064,"paperclip",4,4,3,4
1064,"paperclip",2,4,2,5
1064,"paperclip",3,4,3,4
1064,"paperclip",3,4,3,3
1064,"paperclip",3,4,3,4
1064,"paperclip",4,3,3,3
1064,"paperclip",4,4,3,4
1064,"paperclip",3,3,3,3
1068,"brick",1,5,1,5
1068,"brick",2,4,2,4
1068,"brick",2,3,3,4
1068,"brick",2,4,2,4
1068,"brick",3,3,3,3
1068,"brick",3,3,3,3
1068,"brick",2,5,3,4
1068,"brick",2,4,2,4
1068,"brick",2,4,1,5
1068,"brick",4,3,3,3
1068,"paperclip",1,5,1,5
1068,"paperclip",4,4,3,3
1068,"paperclip",3,5,3,5
1068,"paperclip",4,4,3,4
1068,"paperclip",3,4,3,4
1068,"paperclip",2,4,2,3
1070,"paperclip",1,5,1,5
1070,"paperclip",4,4,3,3
1070,"paperclip",3,4,2,5
1070,"paperclip",2,4,2,5
1070,"paperclip",3,4,2,4
1070,"paperclip",2,4,2,5
1070,"paperclip",3,4,3,4
1070,"paperclip",2,4,2,4
1070,"paperclip",3,3,3,3
1070,"paperclip",3,4,2,5
1070,"paperclip",3,4,2,3
1071,"brick",1,5,1,5
1071,"brick",2,4,2,3
1071,"brick",2,4,2,5
1071,"brick",4,3,0,0
1071,"brick",2,3,3,4
1071,"brick",2,3,3,4
1071,"brick",1,5,1,5
1071,"brick",1,5,1,5
1071,"brick",1,5,1,5
1071,"brick",2,4,1,5
1071,"brick",2,5,2,3
1071,"brick",2,5,3,5
1071,"brick",1,5,1,5
1071,"brick",1,5,1,5
1071,"brick",3,3,2,2
1071,"brick",3,3,1,5
1071,"paperclip",0,0,0,0
1071,"paperclip",0,0,2,4
1071,"paperclip",0,0,3,4
1071,"paperclip",3,1,0,0
1071,"paperclip",0,0,0,0
1071,"paperclip",4,2,3,3
1071,"paperclip",2,4,2,4
1071,"paperclip",4,4,3,5
1071,"paperclip",3,5,3,5
1071,"paperclip",2,3,1,4
1071,"paperclip",2,4,2,4
1071,"paperclip",3,3,2,4
1074,"brick",2,5,2,3
1074,"brick",1,5,1,5
1074,"brick",2,3,3,4
1074,"brick",3,5,3,3
1074,"brick",2,5,2,4
1074,"brick",2,5,2,5
1074,"paperclip",1,5,1,5
1074,"paperclip",3,4,3,4
1074,"paperclip",3,5,3,5
1074,"paperclip",4,4,3,3
1074,"paperclip",3,4,2,4
1074,"paperclip",4,4,3,4
1078,"brick",2,4,2,4
1078,"brick",1,5,1,5
1078,"brick",3,4,3,3
1078,"brick",3,4,2,4
1078,"brick",1,5,2,4
1078,"brick",2,5,2,5
1078,"brick",2,4,0,0
1078,"brick",2,5,3,4
1078,"brick",2,3,2,4
1078,"brick",3,2,3,3
1078,"brick",4,4,4,3
1078,"brick",2,5,3,4
1078,"paperclip",1,5,1,5
1078,"paperclip",4,4,3,4
1078,"paperclip",3,5,3,5
1078,"paperclip",4,4,3,3
1078,"paperclip",3,4,3,4
1078,"paperclip",3,4,2,4
1078,"paperclip",3,5,2,4
1078,"paperclip",3,4,2,4
1078,"paperclip",2,3,0,0
1078,"paperclip",3,4,2,4
1083,"brick",1,5,1,5
1083,"brick",4,2,1,4
1083,"brick",2,5,2,4
1083,"brick",2,5,2,4
1083,"brick",1,5,1,5
1083,"brick",2,5,2,4
1083,"brick",2,5,2,4
1083,"brick",2,5,0,0
1083,"brick",3,3,2,4
1083,"brick",1,5,1,5
1083,"brick",1,5,2,4
1083,"brick",1,5,2,4
1083,"brick",2,5,2,4
1083,"brick",1,5,1,5
1083,"brick",1,5,1,5
1083,"brick",2,4,2,4
1083,"brick",2,5,1,4
1083,"brick",0,0,0,0
1083,"brick",2,4,1,5
1083,"brick",4,5,4,2
1083,"brick",2,5,0,0
1083,"paperclip",1,5,1,5
1083,"paperclip",3,5,3,5
1083,"paperclip",3,4,3,4
1083,"paperclip",4,4,3,3
1083,"paperclip",4,4,3,4
1083,"paperclip",4,3,3,3
1083,"paperclip",4,4,4,4
1083,"paperclip",3,4,2,5
1087,"brick",2,4,2,4
1087,"brick",1,5,1,5
1087,"brick",3,3,3,3
1087,"brick",3,1,0,0
1087,"brick",2,5,3,3
1087,"brick",2,5,2,5
1087,"brick",2,4,2,4
1087,"brick",2,5,3,4
1087,"brick",3,4,3,3
1087,"brick",3,3,3,4
1087,"brick",4,2,4,1
1087,"brick",3,2,3,3
1087,"brick",4,3,3,3
1087,"brick",4,4,4,3
1087,"brick",3,3,4,4
1087,"brick",2,5,3,4
1087,"paperclip",1,5,1,5
1087,"paperclip",0,0,2,4
1087,"paperclip",3,4,2,4
1087,"paperclip",2,4,2,5
1087,"paperclip",3,4,3,3
1087,"paperclip",4,4,4,4
1087,"paperclip",3,3,4,3
1087,"paperclip",3,3,3,4
1087,"paperclip",3,4,3,4
1087,"paperclip",4,3,4,2
1087,"paperclip",3,4,3,4
1087,"paperclip",4,4,4,4
1087,"paperclip",3,2,3,2
1089,"brick",1,5,1,5
1089,"brick",4,3,2,4
1089,"brick",1,5,1,5
1089,"brick",4,3,2,5
1089,"brick",2,5,2,5
1089,"brick",3,3,3,3
1089,"brick",2,4,3,4
1089,"brick",3,3,2,3
1089,"brick",1,5,1,5
1089,"brick",4,3,2,4
1089,"brick",2,4,2,4
1089,"paperclip",1,5,1,5
1089,"paperclip",4,4,3,4
1089,"paperclip",4,4,3,4
1089,"paperclip",3,4,3,4
1089,"paperclip",3,4,2,4
1089,"paperclip",2,4,2,5
1089,"paperclip",4,4,3,3
1089,"paperclip",3,5,3,5
1090,"brick",1,5,1,5
1090,"brick",1,5,1,5
1090,"brick",0,0,0,0
1090,"brick",2,4,1,5
1090,"brick",1,5,1,5
1090,"brick",4,2,2,3
1090,"brick",2,4,2,4
1090,"brick",2,5,2,3
1090,"brick",2,4,1,4
1090,"brick",2,4,2,4
1090,"brick",2,3,3,4
1090,"paperclip",1,5,1,5
1090,"paperclip",3,5,3,5
1090,"paperclip",3,4,3,4
1090,"paperclip",4,4,3,4
1090,"paperclip",3,4,2,4
1090,"paperclip",3,4,2,5
1090,"paperclip",2,4,2,5
1090,"paperclip",3,3,2,5
1091,"brick",2,5,2,4
1091,"brick",3,3,3,3
1091,"brick",1,5,1,5
1091,"brick",2,5,3,4
1091,"brick",2,5,2,4
1091,"brick",2,5,2,3
1091,"brick",2,5,2,3
1091,"brick",3,3,3,3
1091,"brick",2,5,2,4
1091,"brick",4,2,4,1
1091,"paperclip",1,5,1,5
1091,"paperclip",4,4,3,4
1091,"paperclip",4,4,3,4
1091,"paperclip",3,4,2,4
1091,"paperclip",3,3,3,3
1091,"paperclip",3,4,2,5
1091,"paperclip",3,3,2,5
1091,"paperclip",3,3,2,3
1091,"paperclip",3,5,3,5
1091,"paperclip",3,3,1,5
1091,"paperclip",2,2,3,5
1094,"brick",1,5,1,5
1094,"brick",2,5,3,5
1094,"brick",2,5,2,4
1094,"brick",2,5,3,4
1094,"paperclip",4,4,3,3
1094,"paperclip",3,3,3,3
1094,"paperclip",4,3,3,3
1094,"paperclip",4,4,3,4
1094,"paperclip",1,5,1,5
1094,"paperclip",3,4,3,4
1094,"paperclip",4,4,3,5
1094,"paperclip",3,4,3,4
1094,"paperclip",4,3,3,4
1095,"brick",1,5,1,5
1095,"brick",1,5,1,5
1095,"brick",2,5,3,3
1095,"brick",2,4,2,3
1095,"brick",1,5,1,5
1095,"brick",3,4,2,4
1095,"brick",1,5,1,5
1095,"brick",2,5,2,4
1095,"brick",2,5,2,4
1095,"brick",2,5,2,4
1095,"brick",1,4,2,4
1095,"brick",1,5,1,5
1095,"brick",4,3,3,2
1095,"brick",4,2,3,2
1095,"brick",2,4,2,4
1095,"brick",2,5,2,5
1095,"brick",2,4,2,4
1095,"brick",3,3,3,3
1095,"paperclip",4,4,3,4
1095,"paperclip",3,4,3,4
1095,"paperclip",1,5,1,5
1095,"paperclip",3,3,3,4
1095,"paperclip",4,4,3,3
1095,"paperclip",4,4,3,3
1095,"paperclip",3,5,3,5
1095,"paperclip",4,4,3,4
1095,"paperclip",3,3,4,5
1095,"paperclip",3,4,2,4
1095,"paperclip",2,4,2,4
1095,"paperclip",4,4,4,4
1095,"paperclip",2,5,3,4
1095,"paperclip",4,3,4,4
1095,"paperclip",3,4,3,5
1095,"paperclip",3,4,3,4
1095,"paperclip",3,4,2,4
1095,"paperclip",4,4,3,0
1095,"paperclip",4,3,3,4
1099,"brick",2,5,2,4
1099,"brick",2,5,2,4
1099,"brick",1,5,1,5
1099,"brick",2,5,3,5
1099,"brick",2,5,2,4
1099,"brick",2,5,2,5
1099,"brick",3,4,3,3
1099,"brick",4,4,3,4
1099,"brick",3,3,2,3
1099,"brick",3,2,3,3
1099,"brick",0,0,0,0
1099,"brick",3,3,3,3
1099,"brick",5,3,2,4
1099,"brick",2,5,2,4
1099,"brick",2,5,2,4
1099,"brick",2,3,3,4
1099,"brick",1,5,1,5
1099,"brick",2,5,2,4
1099,"paperclip",4,4,3,4
1099,"paperclip",1,5,1,5
1099,"paperclip",4,4,2,4
1099,"paperclip",3,5,3,5
1099,"paperclip",2,4,2,4
1099,"paperclip",3,4,3,4
1099,"paperclip",2,3,1,4
1099,"paperclip",2,4,3,4
1099,"paperclip",3,3,3,4
1099,"paperclip",3,3,4,4
1099,"paperclip",2,4,2,4
1099,"paperclip",4,3,2,4
1099,"paperclip",3,3,3,3
1101,"brick",1,5,1,5
1101,"brick",1,5,1,5
1101,"brick",2,4,2,4
1101,"brick",2,5,2,5
1101,"brick",2,4,3,5
1101,"paperclip",1,5,1,5
1101,"paperclip",4,4,4,4
1101,"paperclip",2,4,3,4
1104,"brick",1,5,1,5
1104,"brick",2,4,2,4
1104,"brick",2,5,2,4
1104,"brick",2,2,3,3
1104,"brick",2,4,2,3
1104,"brick",3,3,3,3
1104,"brick",2,5,2,5
1104,"paperclip",1,5,1,5
1104,"paperclip",4,4,3,3
1104,"paperclip",3,3,3,3
1104,"paperclip",2,5,3,5
1106,"brick",2,4,2,4
1106,"brick",1,5,1,5
1106,"brick",2,5,2,4
1106,"brick",3,3,3,3
1106,"brick",4,5,3,2
1106,"brick",2,3,3,4
1106,"brick",2,4,1,5
1106,"brick",4,2,2,3
1106,"brick",2,5,2,4
1106,"brick",2,5,2,5
1106,"brick",2,5,2,5
1106,"brick",2,5,2,5
1106,"brick",2,4,2,4
1106,"paperclip",1,5,1,5
1106,"paperclip",4,1,4,2
1106,"paperclip",4,3,2,4
1106,"paperclip",3,3,3,4
1106,"paperclip",4,3,4,4
1106,"paperclip",4,4,3,4
1106,"paperclip",3,4,3,4
1106,"paperclip",4,4,3,4
1106,"paperclip",3,3,0,0
1106,"paperclip",3,4,3,4
1106,"paperclip",3,3,4,4
1106,"paperclip",0,0,0,0
1106,"paperclip",3,5,3,4
1106,"paperclip",3,3,3,3
1107,"brick",1,5,1,5
1107,"brick",2,5,2,4
1107,"brick",2,5,2,4
1107,"brick",3,5,3,4
1107,"brick",2,5,3,4
1107,"paperclip",1,5,1,5
1107,"paperclip",4,4,3,3
1108,"brick",1,5,1,5
1108,"brick",4,1,4,3
1108,"brick",2,4,1,5
1108,"brick",2,4,2,4
1108,"brick",2,3,4,2
1108,"brick",2,4,4,3
1108,"brick",3,5,3,4
1108,"brick",2,5,3,5
1108,"brick",3,2,3,4
1108,"brick",2,5,3,4
1108,"brick",3,3,2,4
1108,"brick",3,2,3,3
1108,"brick",2,4,2,4
1108,"paperclip",4,4,3,3
1108,"paperclip",1,5,1,5
1108,"paperclip",4,3,4,3
1108,"paperclip",3,5,3,4
1108,"paperclip",3,5,3,5
1108,"paperclip",3,4,4,3
1108,"paperclip",3,4,3,4
1108,"paperclip",4,4,4,4
1108,"paperclip",2,4,3,5
1108,"paperclip",4,4,3,4
1109,"brick",1,5,1,5
1109,"brick",2,4,2,5
1109,"brick",2,5,2,4
1109,"brick",2,5,2,4
1109,"brick",2,5,2,5
1109,"brick",2,5,2,4
1109,"brick",1,5,1,5
1109,"brick",1,5,1,5
1109,"brick",1,5,1,5
1109,"brick",1,5,1,5
1109,"brick",1,5,1,5
1109,"brick",3,3,3,3
1109,"brick",2,5,3,3
1109,"brick",2,5,2,4
1109,"paperclip",4,4,3,3
1109,"paperclip",1,5,1,5
1109,"paperclip",4,4,3,3
1109,"paperclip",3,3,3,4
1109,"paperclip",3,3,3,3
1109,"paperclip",3,4,3,4
1109,"paperclip",4,4,3,3
1109,"paperclip",0,0,3,4
1109,"paperclip",4,4,3,4
1109,"paperclip",3,4,3,4
1109,"paperclip",3,3,3,3
1109,"paperclip",3,3,3,3
1109,"paperclip",3,2,3,3
1109,"paperclip",3,4,2,4
1109,"paperclip",3,4,3,4
1112,"brick",2,4,3,4
1112,"brick",3,3,2,4
1112,"brick",2,4,2,4
1112,"brick",2,5,2,5
1112,"brick",2,4,1,5
1112,"brick",3,3,4,2
1112,"brick",2,5,2,5
1112,"brick",2,5,3,5
1112,"brick",2,5,2,4
1112,"brick",2,3,3,4
1112,"brick",2,5,2,5
1112,"brick",2,5,2,4
1112,"brick",2,3,2,4
1112,"brick",2,4,2,4
1112,"paperclip",4,4,3,3
1112,"paperclip",4,4,3,4
1112,"paperclip",3,4,3,4
1112,"paperclip",3,4,3,4
1112,"paperclip",2,4,2,5
1112,"paperclip",4,4,4,4
1112,"paperclip",3,4,3,3
1112,"paperclip",3,2,3,2
1112,"paperclip",2,4,2,4
1112,"paperclip",1,4,2,5
1114,"brick",1,5,1,5
1114,"brick",4,2,1,4
1114,"brick",1,5,1,5
1114,"brick",1,5,1,5
1114,"brick",4,2,4,2
1114,"brick",2,1,3,2
1114,"brick",0,0,0,0
1114,"brick",1,5,1,5
1114,"brick",0,0,0,0
1114,"brick",3,4,2,3
1114,"brick",2,4,2,3
1114,"brick",2,3,2,3
1114,"brick",1,5,1,4
1114,"brick",1,5,1,5
1114,"brick",1,4,1,4
1114,"brick",1,5,0,0
1114,"brick",0,0,0,0
1114,"brick",0,0,0,0
1114,"paperclip",2,3,1,4
1114,"paperclip",3,5,3,5
1114,"paperclip",0,0,0,0
1114,"paperclip",1,5,1,5
1114,"paperclip",3,5,3,5
1114,"paperclip",0,0,0,0
1114,"paperclip",0,0,0,0
1114,"paperclip",0,0,0,0
1114,"paperclip",0,0,1,1
1114,"paperclip",2,4,2,0
1114,"paperclip",2,3,1,5
1114,"paperclip",0,0,0,0
1114,"paperclip",0,0,0,0
1114,"paperclip",0,0,1,5
1114,"paperclip",0,0,0,0
1114,"paperclip",3,3,2,4
1115,"brick",3,4,3,4
1115,"brick",2,4,3,4
1115,"brick",2,4,3,3
1115,"brick",1,5,1,5
1115,"brick",4,3,2,4
1115,"brick",1,5,1,5
1115,"brick",2,5,2,4
1115,"brick",3,2,3,3
1115,"brick",4,2,3,2
1115,"brick",2,3,3,4
1115,"brick",2,4,2,4
1115,"paperclip",4,4,3,4
1115,"paperclip",2,3,1,4
1115,"paperclip",3,4,3,5
1115,"paperclip",4,3,4,2
1115,"paperclip",3,2,3,4
1115,"paperclip",4,2,4,2
1115,"paperclip",4,4,3,3
1115,"paperclip",4,4,3,3
1115,"paperclip",3,4,2,4
1115,"paperclip",0,0,0,0
1115,"paperclip",0,0,0,0
1115,"paperclip",3,4,3,4
1115,"paperclip",3,4,3,5
1116,"brick",2,5,2,3
1116,"brick",2,5,2,4
1116,"brick",1,5,1,5
1116,"brick",3,5,2,4
1116,"brick",3,5,3,4
1116,"brick",2,5,2,5
1116,"brick",3,5,3,3
1116,"brick",3,3,3,3
1116,"brick",3,3,2,3
1116,"brick",2,4,2,3
1116,"brick",2,5,2,4
1116,"brick",2,5,2,4
1116,"brick",2,5,2,3
1116,"brick",1,5,1,5
1116,"brick",1,5,1,5
1116,"brick",1,5,2,4
1116,"brick",1,5,1,5
1116,"brick",2,5,1,5
1116,"brick",1,5,2,4
1116,"brick",3,4,3,3
1116,"paperclip",1,5,1,5
1116,"paperclip",3,5,3,5
1116,"paperclip",4,4,3,3
1116,"paperclip",2,4,2,4
1116,"paperclip",3,2,3,3
1116,"paperclip",3,4,2,4
1116,"paperclip",0,0,1,5
1116,"paperclip",2,5,1,5
1116,"paperclip",3,3,3,4
1116,"paperclip",2,3,2,4
1116,"paperclip",3,3,3,4
1116,"paperclip",4,4,3,4
1116,"paperclip",4,4,3,4
1117,"brick",1,5,1,5
1117,"brick",2,5,2,4
1117,"brick",2,5,1,4
1117,"brick",1,5,1,5
1117,"brick",2,3,3,4
1117,"brick",3,4,2,3
1117,"brick",2,4,3,5
1117,"brick",2,5,2,5
1117,"brick",2,5,2,4
1117,"brick",2,5,2,3
1117,"paperclip",1,5,1,5
1117,"paperclip",4,4,3,3
1117,"paperclip",3,5,3,5
1117,"paperclip",3,3,2,3
1117,"paperclip",2,5,3,5
1117,"paperclip",3,3,3,3
1117,"paperclip",3,3,2,4
1117,"paperclip",4,4,4,4
1117,"paperclip",2,4,2,5
1117,"paperclip",3,4,3,4
1119,"brick",1,5,1,5
1119,"brick",2,3,3,4
1119,"brick",2,5,2,4
1119,"brick",1,5,2,4
1119,"brick",2,5,2,5
1119,"brick",3,5,3,4
1119,"brick",2,5,2,5
1119,"brick",1,5,1,5
1119,"brick",1,5,1,5
1119,"brick",2,5,2,4
1119,"paperclip",1,5,1,5
1119,"paperclip",3,3,3,4
1119,"paperclip",3,4,3,5
1119,"paperclip",4,4,3,3
1119,"paperclip",1,5,1,5
1119,"paperclip",3,3,3,4
1119,"paperclip",4,5,3,4
1119,"paperclip",4,5,3,4
1120,"brick",1,5,1,5
1120,"brick",2,5,2,5
1120,"brick",2,5,2,3
1120,"brick",2,5,1,4
1120,"brick",2,5,2,4
1120,"brick",2,5,2,4
1120,"brick",2,5,3,3
1120,"brick",3,3,3,4
1120,"brick",3,4,3,3
1120,"brick",2,5,3,4
1120,"brick",4,5,2,5
1120,"paperclip",1,5,1,5
1120,"paperclip",3,5,3,5
1120,"paperclip",4,4,3,3
1120,"paperclip",3,4,2,5
1120,"paperclip",4,4,3,4
1120,"paperclip",2,4,2,4
1120,"paperclip",4,4,3,4
1120,"paperclip",4,4,3,5
1120,"paperclip",4,5,3,4
1120,"paperclip",2,4,2,5
1121,"brick",1,5,1,5
1121,"brick",1,5,1,5
1121,"brick",2,5,2,3
1121,"brick",2,5,2,4
1121,"brick",2,4,2,3
1121,"brick",3,3,3,3
1121,"brick",3,3,3,3
1121,"brick",3,4,3,4
1121,"brick",2,5,1,4
1121,"brick",2,5,2,4
1121,"brick",2,5,2,4
1121,"brick",2,5,2,4
1121,"brick",2,2,3,3
1121,"brick",2,5,1,4
1121,"brick",2,5,2,4
1121,"brick",3,5,2,5
1121,"brick",1,5,1,5
1121,"brick",3,4,3,3
1121,"paperclip",1,5,1,5
1121,"paperclip",1,5,1,5
1121,"paperclip",4,4,2,4
1121,"paperclip",2,4,2,5
1121,"paperclip",4,4,3,4
1121,"paperclip",4,4,3,3
1121,"paperclip",4,4,3,4
1121,"paperclip",4,4,3,4
1121,"paperclip",4,3,2,4
1121,"paperclip",3,5,3,5
1121,"paperclip",3,3,3,3
1121,"paperclip",4,2,3,3
1122,"brick",1,5,1,5
1122,"brick",2,5,1,4
1122,"brick",2,5,2,5
1122,"brick",2,5,3,4
1122,"paperclip",3,4,2,4
1122,"paperclip",3,3,3,4
1122,"paperclip",3,4,3,4
1122,"paperclip",4,4,3,3
1122,"paperclip",3,3,3,3
1123,"brick",1,5,1,5
1123,"brick",2,2,2,3
1123,"brick",2,5,2,4
1123,"brick",1,5,1,5
1123,"brick",1,5,1,5
1123,"brick",2,5,2,4
1123,"brick",3,5,3,4
1123,"brick",2,5,2,4
1123,"brick",3,3,2,3
1123,"brick",4,4,3,3
1123,"brick",4,4,3,3
1123,"brick",2,5,3,3
1123,"brick",3,3,3,3
1123,"brick",2,5,2,4
1123,"brick",4,1,4,2
1123,"brick",3,4,3,3
1123,"brick",5,3,3,3
1123,"brick",4,2,0,0
1123,"brick",1,5,1,2
1123,"paperclip",1,5,1,5
1123,"paperclip",4,4,3,3
1123,"paperclip",3,5,3,5
1123,"paperclip",3,4,3,4
1123,"paperclip",0,0,2,2
1123,"paperclip",2,4,1,5
1123,"paperclip",2,2,3,4
1123,"paperclip",4,4,4,4
1123,"paperclip",3,4,3,4
1123,"paperclip",3,4,3,3
1123,"paperclip",3,3,3,3
1123,"paperclip",3,3,3,3
1123,"paperclip",0,0,0,0
1123,"paperclip",0,0,0,0
1123,"paperclip",0,0,0,0
1123,"paperclip",2,3,0,0
1123,"paperclip",4,3,3,4
1123,"paperclip",2,3,2,4
1123,"paperclip",0,0,0,0
1127,"brick",3,3,3,3
1127,"brick",1,5,1,5
1127,"brick",2,5,2,4
1127,"brick",4,4,3,3
1127,"brick",2,4,2,3
1127,"brick",4,2,3,2
1127,"brick",3,3,3,3
1127,"brick",2,5,2,4
1127,"brick",2,4,2,3
1127,"brick",1,5,1,5
1127,"paperclip",3,2,2,4
1127,"paperclip",3,5,3,5
1127,"paperclip",1,5,1,5
1127,"paperclip",4,4,3,3
1127,"paperclip",3,3,4,4
1127,"paperclip",2,4,2,4
1127,"paperclip",3,2,2,2
1127,"paperclip",3,3,3,4
1127,"paperclip",4,4,3,3
1130,"brick",1,5,1,5
1130,"brick",1,5,1,5
1130,"brick",3,4,3,4
1130,"brick",2,4,2,4
1130,"brick",2,5,2,3
1130,"brick",3,2,3,3
1130,"brick",2,5,3,4
1130,"brick",3,3,3,3
1130,"brick",3,5,3,4
1130,"brick",2,5,2,4
1130,"brick",3,2,3,4
1130,"brick",3,4,3,3
1130,"brick",4,2,4,2
1130,"brick",4,4,3,4
1130,"paperclip",3,4,3,4
1130,"paperclip",1,5,1,5
1130,"paperclip",3,5,3,5
1130,"paperclip",4,4,3,3
1130,"paperclip",3,5,2,4
1130,"paperclip",4,3,3,3
1130,"paperclip",3,4,2,4
1131,"brick",1,5,1,5
1131,"brick",2,5,2,4
1131,"brick",0,0,0,0
1131,"brick",1,5,2,4
1131,"brick",2,5,2,4
1131,"paperclip",2,4,2,4
1131,"paperclip",3,3,3,4
1131,"paperclip",3,4,3,4
1131,"paperclip",4,3,2,4
1131,"paperclip",3,4,3,4
1133,"brick",1,5,2,4
1133,"brick",1,5,1,5
1133,"brick",3,3,3,3
1133,"brick",2,4,3,3
1133,"brick",2,5,1,5
1133,"brick",4,5,2,4
1133,"brick",2,5,2,4
1133,"brick",2,3,3,3
1133,"brick",1,5,1,5
1133,"brick",1,5,1,5
1133,"brick",2,4,4,2
1133,"brick",2,5,2,4
1133,"brick",2,5,2,4
1133,"brick",3,4,3,3
1133,"brick",3,4,3,3
1133,"brick",3,2,4,4
1133,"paperclip",3,5,3,5
1133,"paperclip",3,4,2,4
1133,"paperclip",4,4,3,3
1133,"paperclip",3,4,3,4
1133,"paperclip",3,4,3,4
1133,"paperclip",3,3,3,3
1133,"paperclip",3,4,2,4
1135,"brick",2,5,2,4
1135,"brick",5,5,2,3
1135,"brick",2,5,2,5
1135,"brick",2,5,2,4
1135,"brick",3,3,2,3
1135,"brick",2,5,2,4
1135,"brick",3,3,2,3
1135,"brick",2,5,3,4
1135,"brick",4,3,3,3
1135,"brick",2,5,2,5
1135,"paperclip",4,4,3,3
1135,"paperclip",3,5,3,5
1135,"paperclip",2,4,2,4
1135,"paperclip",2,4,2,5
1135,"paperclip",3,3,3,4
1135,"paperclip",3,3,3,3
1135,"paperclip",4,2,2,2
1138,"brick",2,4,2,4
1138,"brick",2,3,3,4
1138,"brick",2,3,3,4
1138,"brick",2,4,3,4
1138,"brick",3,2,3,4
1138,"brick",3,5,3,4
1138,"brick",4,2,2,3
1138,"brick",2,2,3,3
1138,"brick",2,5,2,5
1138,"paperclip",1,5,1,5
1138,"paperclip",4,4,3,4
1138,"paperclip",4,4,3,4
1138,"paperclip",4,4,3,3
1138,"paperclip",4,4,3,4
1138,"paperclip",3,4,3,4
1138,"paperclip",3,3,3,3
1138,"paperclip",4,3,3,4
1138,"paperclip",3,4,4,4
1138,"paperclip",4,3,2,4
1138,"paperclip",3,4,3,3
1138,"paperclip",4,4,3,4
1141,"brick",0,0,1,5
1141,"brick",0,0,1,5
1141,"brick",0,0,1,5
1141,"brick",0,0,0,0
1141,"brick",0,0,0,0
1141,"brick",0,0,0,0
1141,"brick",0,0,0,0
1141,"brick",0,0,1,4
1141,"brick",0,0,2,4
1141,"brick",0,0,0,0
1141,"brick",0,0,2,3
1141,"brick",0,0,1,4
1141,"brick",0,0,2,3
1141,"brick",0,0,3,4
1141,"brick",0,0,4,2
1141,"brick",0,0,4,2
1141,"paperclip",3,2,3,2
1141,"paperclip",3,3,2,5
1141,"paperclip",3,3,2,5
1141,"paperclip",1,5,1,5
1141,"paperclip",3,3,2,3
1141,"paperclip",3,3,3,4
1141,"paperclip",4,3,5,2
1141,"paperclip",3,4,3,4
1141,"paperclip",4,2,5,3
1141,"paperclip",4,2,3,1
1141,"paperclip",2,5,1,4
1141,"paperclip",2,5,2,4
1141,"paperclip",4,3,3,4
1141,"paperclip",3,4,3,4
1144,"brick",1,5,1,5
1144,"brick",2,5,2,4
1144,"brick",2,5,2,3
1144,"brick",3,5,3,4
1144,"brick",2,4,2,4
1144,"brick",4,2,3,2
1144,"brick",1,5,1,5
1144,"brick",1,5,1,5
1144,"brick",1,5,1,5
1144,"brick",3,5,2,3
1144,"brick",2,5,2,3
1144,"brick",1,5,1,5
1144,"brick",2,5,2,4
1144,"brick",2,3,3,3
1144,"brick",2,3,2,4
1144,"brick",2,5,2,5
1144,"brick",2,4,3,4
1144,"paperclip",2,3,1,4
1144,"paperclip",2,4,1,5
1144,"paperclip",4,4,3,3
1144,"paperclip",3,5,3,5
1144,"paperclip",3,4,3,2
1144,"paperclip",3,3,3,3
1144,"paperclip",1,5,1,5
1144,"paperclip",2,3,0,0
1144,"paperclip",3,4,3,4
1144,"paperclip",3,4,3,4
1144,"paperclip",3,4,2,5
1144,"paperclip",3,4,3,5
1145,"brick",1,5,1,5
1145,"brick",2,5,2,4
1145,"brick",2,5,1,4
1145,"brick",3,5,3,4
1145,"brick",2,5,2,3
1145,"brick",3,3,3,3
1145,"brick",3,3,3,3
1145,"brick",1,5,2,4
1145,"brick",1,5,1,5
1145,"brick",3,3,3,3
1145,"brick",2,5,3,3
1145,"brick",3,5,2,4
1145,"brick",5,4,4,4
1145,"paperclip",4,4,4,4
1145,"paperclip",3,4,3,4
1145,"paperclip",4,4,4,4
1145,"paperclip",2,4,2,5
1145,"paperclip",3,4,3,4
1145,"paperclip",3,3,3,4
1145,"paperclip",1,4,1,5
1145,"paperclip",1,5,1,5
1146,"brick",1,5,1,5
1146,"brick",1,5,1,5
1146,"brick",2,5,2,4
1146,"brick",1,5,1,5
1146,"brick",1,5,1,5
1146,"brick",2,4,2,3
1146,"brick",2,4,1,4
1146,"brick",4,4,3,3
1146,"paperclip",1,5,1,5
1146,"paperclip",2,5,3,5
1146,"paperclip",4,4,3,3
1146,"paperclip",2,4,3,4
1146,"paperclip",3,5,3,5
1146,"paperclip",3,4,3,4
1146,"paperclip",2,4,2,4
1146,"paperclip",4,4,3,4
1146,"paperclip",3,4,3,4
1148,"brick",2,5,2,4
1148,"brick",2,5,2,5
1148,"brick",2,5,2,4
1148,"brick",3,5,3,4
1148,"brick",4,5,3,3
1148,"brick",2,4,3,4
1148,"brick",4,5,3,3
1148,"brick",4,3,3,4
1148,"brick",4,4,3,4
1148,"paperclip",3,4,3,4
1148,"paperclip",1,5,1,5
1148,"paperclip",4,4,3,3
1148,"paperclip",3,5,3,5
1148,"paperclip",4,3,2,4
1148,"paperclip",3,3,2,4
1148,"paperclip",4,4,3,4
1148,"paperclip",4,4,3,5
1148,"paperclip",4,2,4,3
1148,"paperclip",3,4,3,4
1148,"paperclip",3,4,3,4
1148,"paperclip",3,4,3,4
1149,"brick",2,4,2,4
1149,"brick",1,5,1,5
1149,"brick",2,5,2,4
1149,"brick",2,5,2,4
1149,"brick",3,5,3,4
1149,"brick",2,5,2,4
1149,"brick",3,5,3,3
1149,"brick",2,5,2,5
1149,"brick",2,5,2,4
1149,"brick",2,1,3,4
1149,"brick",3,5,3,4
1149,"brick",2,5,2,4
1149,"brick",2,5,2,4
1149,"paperclip",1,5,1,5
1149,"paperclip",4,4,4,4
1149,"paperclip",3,4,0,0
1149,"paperclip",4,4,2,4
1149,"paperclip",4,4,4,4
1149,"paperclip",3,4,3,4
1149,"paperclip",2,4,3,4
1149,"paperclip",2,4,2,5
1149,"paperclip",3,5,3,4
1149,"paperclip",4,4,3,3
1149,"paperclip",3,4,3,4
1151,"brick",2,4,1,5
1151,"brick",3,3,3,2
1151,"brick",2,5,3,4
1151,"brick",3,3,3,3
1151,"brick",2,3,3,4
1151,"brick",2,3,3,4
1151,"brick",3,3,2,4
1151,"brick",3,2,3,4
1151,"brick",1,5,1,5
1151,"brick",3,3,3,3
1151,"brick",1,4,2,4
1151,"brick",1,5,1,5
1151,"brick",1,5,1,5
1151,"brick",2,5,2,4
1151,"brick",2,5,2,3
1151,"brick",2,5,2,3
1151,"paperclip",1,5,1,5
1151,"paperclip",2,4,2,4
1151,"paperclip",4,4,3,3
1151,"paperclip",4,4,4,4
1151,"paperclip",3,4,4,3
1151,"paperclip",3,3,2,4
1151,"paperclip",4,4,3,4
1151,"paperclip",3,2,3,3
1151,"paperclip",3,4,3,4
1151,"paperclip",3,4,3,4
1151,"paperclip",4,2,4,2
1151,"paperclip",3,3,3,3
1151,"paperclip",4,4,3,3
1151,"paperclip",3,2,3,3
1152,"brick",2,4,2,4
1152,"brick",2,5,2,5
1152,"brick",1,5,1,5
1152,"brick",2,5,2,5
1152,"brick",2,5,2,5
1152,"brick",1,5,1,5
1152,"brick",2,5,2,5
1152,"paperclip",1,5,1,5
1152,"paperclip",4,3,2,4
1152,"paperclip",4,4,3,3
1152,"paperclip",3,2,3,3
1153,"brick",1,5,1,5
1153,"brick",2,5,2,4
1153,"brick",1,5,2,4
1153,"brick",4,2,3,2
1153,"brick",3,5,3,4
1153,"brick",2,4,2,4
1153,"brick",4,3,2,3
1153,"brick",1,5,1,5
1153,"brick",1,5,1,5
1153,"brick",1,5,1,5
1153,"brick",2,4,2,3
1153,"brick",2,5,2,3
1153,"brick",2,5,2,3
1153,"brick",2,4,2,4
1153,"brick",2,3,3,4
1153,"brick",2,3,3,4
1153,"brick",2,5,2,4
1153,"brick",2,5,2,4
1153,"brick",2,3,2,4
1153,"brick",2,5,2,4
1153,"brick",3,3,3,3
1153,"brick",1,5,1,5
1153,"brick",4,3,2,4
1153,"paperclip",2,3,1,4
1153,"paperclip",1,5,1,5
1153,"paperclip",4,4,3,3
1153,"paperclip",4,4,3,3
1153,"paperclip",2,4,2,5
1153,"paperclip",4,4,3,4
1153,"paperclip",4,2,3,4
1153,"paperclip",3,3,3,3
1153,"paperclip",2,2,3,4
1153,"paperclip",2,3,2,4
1153,"paperclip",3,4,2,4
1153,"paperclip",4,3,3,3
1155,"brick",2,5,2,4
1155,"brick",2,5,2,3
1155,"brick",1,5,1,5
1155,"brick",2,4,2,4
1155,"brick",3,4,3,4
1155,"brick",3,4,3,3
1155,"paperclip",1,5,1,5
1155,"paperclip",2,4,3,4
1155,"paperclip",3,3,3,4
1155,"paperclip",3,3,2,3
1155,"paperclip",4,4,4,4
1155,"paperclip",4,3,3,3
1155,"paperclip",4,2,4,2
1156,"brick",1,5,1,5
1156,"brick",1,5,1,5
1156,"brick",2,5,1,5
1156,"brick",5,1,4,1
1156,"brick",2,3,0,0
1156,"brick",2,3,3,4
1156,"brick",2,4,3,4
1156,"brick",2,3,3,4
1156,"brick",2,3,3,4
1156,"brick",4,2,4,1
1156,"brick",2,3,3,4
1156,"brick",3,2,3,2
1156,"brick",3,3,2,4
1156,"brick",5,1,5,1
1156,"brick",2,5,3,4
1156,"brick",2,4,3,3
1156,"brick",3,4,2,3
1156,"brick",2,5,3,5
1156,"brick",2,5,2,4
1156,"brick",2,5,2,5
1156,"brick",2,4,1,5
1156,"brick",2,5,2,5
1156,"brick",3,3,2,4
1156,"paperclip",1,5,1,5
1156,"paperclip",4,4,3,3
1156,"paperclip",3,4,3,4
1156,"paperclip",3,4,3,4
1156,"paperclip",3,5,3,5
1156,"paperclip",3,4,3,4
1156,"paperclip",4,4,3,4
1156,"paperclip",3,4,3,4
1156,"paperclip",3,4,3,4
1156,"paperclip",4,4,3,3
1156,"paperclip",3,4,3,4
1157,"brick",2,3,3,4
1157,"brick",2,5,2,4
1157,"brick",2,4,2,4
1157,"brick",3,3,3,3
1157,"brick",2,5,2,5
1157,"brick",2,4,4,2
1157,"brick",2,5,2,4
1157,"brick",3,5,4,3
1157,"brick",2,5,2,4
1157,"brick",4,4,3,3
1157,"brick",4,4,3,4
1157,"brick",2,5,2,3
1157,"brick",2,5,2,5
1157,"brick",2,5,2,5
1157,"paperclip",4,4,3,3
1157,"paperclip",3,5,3,5
1157,"paperclip",4,4,3,4
1157,"paperclip",4,4,3,3
1157,"paperclip",3,4,3,4
1157,"paperclip",3,4,3,4
1157,"paperclip",3,3,3,4
1157,"paperclip",3,4,3,5
1157,"paperclip",4,5,3,4
1157,"paperclip",4,5,4,4
1157,"paperclip",3,4,3,4
1158,"brick",1,5,1,5
1158,"brick",2,5,2,3
1158,"brick",2,4,2,4
1158,"brick",3,3,3,3
1158,"brick",2,5,2,4
1158,"brick",2,4,3,4
1158,"brick",2,5,2,4
1158,"brick",2,5,3,4
1158,"brick",2,5,2,4
1158,"brick",2,5,3,4
1158,"brick",2,5,2,5
1158,"brick",2,5,2,5
1158,"brick",3,5,3,4
1158,"brick",2,5,3,5
1158,"brick",2,5,2,4
1158,"brick",2,5,2,4
1158,"paperclip",1,5,1,5
1158,"paperclip",4,4,3,3
1158,"paperclip",3,4,2,4
1158,"paperclip",3,3,3,4
1158,"paperclip",4,2,3,2
1158,"paperclip",3,4,3,4
1158,"paperclip",3,4,3,5
1158,"paperclip",2,3,3,3
1158,"paperclip",2,4,2,5
1158,"paperclip",4,1,1,1
1159,"brick",1,5,1,5
1159,"brick",2,5,2,4
1159,"brick",2,5,2,3
1159,"brick",1,5,1,5
1159,"brick",2,5,2,5
1159,"brick",2,4,1,5
1159,"brick",2,5,2,3
1159,"brick",2,5,3,4
1159,"brick",2,5,2,4
1159,"brick",3,4,3,4
1159,"brick",2,5,3,4
1159,"brick",2,5,3,4
1159,"brick",3,5,2,4
1159,"brick",2,5,3,3
1159,"brick",2,4,2,4
1159,"paperclip",1,5,1,5
1159,"paperclip",4,4,3,3
1159,"paperclip",3,3,3,4
1159,"paperclip",3,4,3,4
1159,"paperclip",2,4,2,4
1159,"paperclip",3,3,3,4
1159,"paperclip",3,5,3,5
1159,"paperclip",2,4,2,5
1159,"paperclip",3,4,2,3
1159,"paperclip",3,4,3,4
1159,"paperclip",2,4,2,5
1159,"paperclip",2,4,2,5
1160,"brick",1,5,1,5
1160,"brick",1,5,1,5
1160,"brick",2,5,2,3
1160,"brick",2,4,2,4
1160,"brick",1,5,1,5
1160,"brick",1,5,2,4
1160,"brick",2,5,3,3
1160,"brick",4,4,4,2
1160,"brick",2,4,2,4
1160,"brick",2,5,2,4
1160,"brick",3,5,3,3
1160,"brick",2,5,2,4
1160,"brick",2,5,3,3
1160,"brick",3,3,3,4
1160,"brick",2,5,1,4
1160,"paperclip",3,4,2,4
1160,"paperclip",1,5,1,4
1160,"paperclip",3,4,3,4
1160,"paperclip",3,4,4,3
1160,"paperclip",3,4,3,5
1160,"paperclip",4,2,5,4
1160,"paperclip",4,4,3,4
1160,"paperclip",4,4,4,3
1160,"paperclip",2,2,3,4
1160,"paperclip",3,5,3,4
1160,"paperclip",4,4,3,4
1160,"paperclip",4,4,3,3
1160,"paperclip",2,4,2,5
1160,"paperclip",3,4,3,4
1160,"paperclip",3,4,3,4
1161,"brick",1,5,1,5
1161,"brick",2,4,2,3
1161,"brick",1,5,1,5
1161,"brick",3,4,2,4
1161,"brick",2,4,2,4
1161,"brick",2,5,2,4
1161,"brick",2,5,3,3
1161,"paperclip",1,5,1,5
1161,"paperclip",2,4,2,5
1161,"paperclip",2,3,3,4
1161,"paperclip",3,3,3,3
1161,"paperclip",3,4,2,4
1161,"paperclip",2,4,2,4
1167,"brick",2,5,3,5
1167,"brick",2,4,1,5
1167,"brick",2,5,2,3
1167,"brick",4,3,3,2
1167,"brick",2,5,3,4
1167,"brick",1,5,1,5
1167,"brick",2,5,3,3
1167,"brick",2,4,2,4
1167,"brick",3,3,2,4
1167,"brick",1,5,1,5
1167,"brick",2,4,3,4
1167,"brick",4,3,4,5
1167,"brick",4,2,4,1
1167,"brick",5,1,5,1
1167,"brick",1,5,2,4
1167,"brick",3,3,3,3
1167,"brick",3,3,3,3
1167,"brick",3,3,2,3
1167,"paperclip",1,5,1,5
1167,"paperclip",3,5,3,5
1167,"paperclip",3,4,3,4
1167,"paperclip",3,5,2,4
1167,"paperclip",3,4,2,4
1167,"paperclip",4,4,3,4
1167,"paperclip",3,3,2,4
1167,"paperclip",4,4,4,4
1167,"paperclip",3,4,2,3
1167,"paperclip",2,4,3,4
1167,"paperclip",3,3,4,3
1167,"paperclip",4,4,3,5
1170,"brick",3,5,3,4
1170,"brick",1,5,1,5
1170,"brick",1,5,1,4
1170,"brick",0,0,0,0
1170,"brick",2,5,3,5
1170,"brick",2,5,2,5
1170,"brick",2,4,2,4
1170,"brick",2,5,2,4
1170,"paperclip",1,5,1,5
1170,"paperclip",4,4,3,3
1170,"paperclip",3,3,3,4
1170,"paperclip",2,4,2,4
1170,"paperclip",3,3,3,4
1173,"brick",1,5,1,5
1173,"brick",2,5,2,4
1173,"brick",2,3,3,4
1173,"brick",1,5,1,5
1173,"brick",3,3,3,3
1173,"brick",3,2,3,4
1173,"brick",4,5,4,4
1173,"brick",2,5,2,5
1173,"brick",3,3,3,3
1173,"brick",3,4,3,4
1173,"brick",2,5,2,4
1173,"brick",3,5,4,5
1173,"brick",3,4,3,3
1173,"paperclip",1,5,1,5
1173,"paperclip",3,4,3,4
1173,"paperclip",4,4,3,4
1173,"paperclip",4,4,3,4
1173,"paperclip",3,3,3,4
1173,"paperclip",3,3,3,2
1173,"paperclip",3,3,3,4
1173,"paperclip",4,4,3,3
1173,"paperclip",3,4,2,4
1173,"paperclip",3,4,3,4
1173,"paperclip",3,3,3,4
1174,"brick",1,5,1,5
1174,"brick",2,4,1,5
1174,"brick",3,3,3,3
1174,"brick",4,3,2,4
1174,"brick",2,4,2,4
1174,"brick",4,2,1,4
1174,"brick",1,5,1,5
1174,"brick",2,5,2,4
1174,"brick",2,3,3,4
1174,"brick",3,3,3,3
1174,"brick",4,1,1,4
1174,"brick",3,4,3,3
1174,"brick",1,4,1,5
1174,"paperclip",4,4,3,3
1174,"paperclip",1,5,1,5
1174,"paperclip",4,4,3,3
1174,"paperclip",4,4,3,4
1174,"paperclip",3,3,3,4
1174,"paperclip",3,4,3,4
1174,"paperclip",3,4,2,3
1174,"paperclip",3,3,3,3
1174,"paperclip",3,3,3,3
1176,"brick",1,5,1,5
1176,"brick",2,5,2,4
1176,"brick",4,2,4,2
1176,"brick",3,5,3,4
1176,"brick",3,2,4,3
1176,"brick",4,1,4,3
1176,"brick",2,5,2,4
1176,"brick",4,5,3,2
1176,"brick",2,5,2,3
1176,"brick",3,4,2,3
1176,"brick",3,4,3,4
1176,"brick",3,2,4,1
1176,"brick",2,5,3,4
1176,"brick",2,3,4,2
1176,"brick",2,3,2,4
1176,"brick",3,3,2,3
1176,"brick",2,3,2,3
1176,"brick",1,5,1,5
1176,"paperclip",2,4,2,5
1176,"paperclip",3,4,2,4
1176,"paperclip",3,4,2,4
1176,"paperclip",3,5,3,5
1176,"paperclip",2,2,3,4
1176,"paperclip",3,4,3,4
1176,"paperclip",4,4,3,4
1176,"paperclip",2,4,3,4
1176,"paperclip",2,4,2,5
1177,"brick",2,5,2,4
1177,"brick",1,5,1,5
1177,"brick",3,3,3,3
1177,"brick",2,2,4,1
1177,"brick",2,2,3,3
1177,"brick",2,5,2,4
1177,"brick",2,5,3,5
1177,"brick",2,4,2,4
1177,"brick",2,4,2,3
1177,"brick",2,4,2,3
1177,"brick",2,5,2,4
1177,"brick",2,3,3,4
1177,"brick",2,4,4,2
1177,"brick",3,3,4,2
1177,"brick",2,5,2,4
1177,"brick",2,5,3,4
1177,"brick",3,5,3,4
1177,"brick",2,5,2,2
1177,"paperclip",1,5,1,5
1177,"paperclip",3,3,4,4
1177,"paperclip",4,4,3,4
1177,"paperclip",3,4,3,4
1177,"paperclip",3,4,3,4
1177,"paperclip",4,4,3,3
1177,"paperclip",3,4,3,4
1177,"paperclip",3,3,3,3
1177,"paperclip",4,3,3,3
1177,"paperclip",3,5,3,5
1177,"paperclip",4,4,4,4
1177,"paperclip",4,4,3,4
1177,"paperclip",4,4,3,4
1177,"paperclip",4,4,4,4
1177,"paperclip",4,3,4,3
1177,"paperclip",2,4,2,4
1177,"paperclip",3,3,3,3
1178,"brick",3,3,3,3
1178,"brick",2,5,2,4
1178,"brick",4,3,3,4
1178,"brick",3,5,3,4
1178,"brick",3,2,3,4
1178,"brick",2,4,2,4
1178,"brick",2,3,3,4
1178,"brick",3,3,2,4
1178,"brick",5,1,4,3
1178,"brick",4,5,3,3
1178,"brick",4,4,4,4
1178,"paperclip",3,3,3,4
1178,"paperclip",2,5,3,5
1178,"paperclip",4,3,0,0
1178,"paperclip",3,4,3,5
1178,"paperclip",3,3,3,3
1178,"paperclip",4,2,4,1
1178,"paperclip",3,3,3,2
1178,"paperclip",3,4,2,4
1178,"paperclip",4,4,3,4
1181,"brick",1,5,1,5
1181,"brick",3,4,3,3
1181,"brick",4,5,1,4
1181,"brick",2,4,2,4
1181,"brick",2,4,2,4
1181,"brick",2,5,2,4
1181,"brick",4,4,3,4
1181,"brick",2,5,3,4
1181,"brick",3,5,4,5
1181,"paperclip",1,5,1,5
1181,"paperclip",3,4,3,4
1181,"paperclip",4,4,3,3
1181,"paperclip",3,4,2,4
1181,"paperclip",3,4,3,4
1181,"paperclip",5,5,3,5
1181,"paperclip",3,4,4,5
1181,"paperclip",4,4,3,4
1183,"brick",2,5,2,4
1183,"brick",3,3,3,3
1183,"brick",1,5,1,5
1183,"brick",2,5,1,5
1183,"brick",2,4,2,3
1183,"brick",4,5,3,4
1183,"brick",1,5,1,5
1183,"brick",2,5,2,4
1183,"brick",2,5,2,5
1183,"brick",2,5,2,5
1183,"brick",2,5,3,3
1183,"brick",3,3,3,3
1183,"brick",2,5,2,5
1183,"brick",3,3,3,3
1183,"paperclip",1,5,1,5
1183,"paperclip",3,5,3,5
1183,"paperclip",3,3,2,4
1183,"paperclip",3,3,3,5
1183,"paperclip",4,4,4,4
1183,"paperclip",3,2,3,3
1183,"paperclip",3,4,3,4
1184,"brick",1,5,1,5
1184,"brick",2,5,2,4
1184,"brick",3,3,3,3
1184,"brick",4,3,3,2
1184,"brick",3,3,2,3
1184,"brick",2,5,2,4
1184,"brick",3,5,2,3
1184,"brick",2,4,2,3
1184,"brick",2,5,2,3
1184,"brick",2,5,2,5
1184,"brick",2,5,2,5
1184,"brick",3,3,3,3
1184,"brick",4,3,3,4
1184,"brick",1,5,1,5
1184,"brick",2,5,2,4
1184,"paperclip",1,5,1,5
1184,"paperclip",4,4,3,3
1184,"paperclip",2,4,3,4
1184,"paperclip",3,4,2,4
1184,"paperclip",3,4,3,4
1184,"paperclip",4,4,3,4
1184,"paperclip",4,4,3,4
1184,"paperclip",3,3,3,4
1184,"paperclip",3,4,3,4
1184,"paperclip",4,4,3,4
1184,"paperclip",2,4,2,5
1184,"paperclip",3,4,2,5
1184,"paperclip",3,5,3,5
1184,"paperclip",3,5,3,5
1184,"paperclip",3,4,3,4
1184,"paperclip",4,4,4,4
1188,"brick",2,5,2,3
1188,"brick",2,5,2,4
1188,"brick",1,5,1,5
1188,"brick",4,4,3,4
1188,"brick",2,5,2,5
1188,"brick",3,3,3,3
1188,"brick",2,5,3,5
1188,"brick",3,3,3,3
1188,"brick",2,4,3,4
1188,"brick",2,4,2,4
1188,"brick",3,2,3,3
1188,"brick",3,2,4,3
1188,"brick",2,5,2,4
1188,"brick",3,4,3,3
1188,"brick",2,4,2,4
1188,"brick",2,5,3,4
1188,"paperclip",1,5,1,5
1188,"paperclip",4,4,3,3
1188,"paperclip",3,4,2,4
1188,"paperclip",3,4,3,4
1188,"paperclip",2,2,3,4
1188,"paperclip",3,3,3,4
1188,"paperclip",4,3,4,4
1188,"paperclip",3,5,3,5
1188,"paperclip",4,4,3,4
1188,"paperclip",2,4,2,5
1188,"paperclip",3,3,1,5
1188,"paperclip",3,3,1,3
1188,"paperclip",3,3,3,3
1188,"paperclip",3,4,3,4
1188,"paperclip",2,4,2,4
1188,"paperclip",2,4,2,4
1188,"paperclip",3,4,3,4
1190,"brick",2,5,2,4
1190,"brick",1,5,1,5
1190,"brick",3,5,3,4
1190,"brick",2,5,3,5
1190,"brick",2,5,2,5
1190,"brick",0,0,0,0
1190,"brick",2,5,2,4
1190,"brick",2,5,3,4
1190,"brick",2,4,3,4
1190,"paperclip",3,5,3,5
1190,"paperclip",4,4,3,3
1190,"paperclip",3,4,3,4
1190,"paperclip",3,4,3,4
1190,"paperclip",2,4,2,4
1190,"paperclip",2,4,2,5
1190,"paperclip",3,4,3,4
1190,"paperclip",3,3,3,4
1190,"paperclip",4,3,3,3
1193,"brick",2,5,2,4
1193,"brick",1,5,1,5
1193,"brick",2,5,1,4
1193,"brick",2,5,2,5
1193,"brick",2,5,3,4
1193,"brick",4,2,4,3
1193,"brick",2,5,2,4
1193,"brick",3,3,3,3
1193,"paperclip",4,5,3,4
1193,"paperclip",4,4,3,4
1193,"paperclip",4,4,3,3
1193,"paperclip",3,4,3,4
1193,"paperclip",3,5,3,5
1193,"paperclip",3,4,3,4
1193,"paperclip",3,4,2,5
1193,"paperclip",3,4,3,4
1193,"paperclip",2,4,2,4
1195,"brick",0,0,1,5
1195,"brick",1,5,1,5
1195,"brick",1,5,1,5
1195,"brick",2,3,2,3
1195,"brick",2,5,2,4
1195,"brick",2,5,3,4
1195,"brick",1,5,1,5
1195,"brick",3,3,3,3
1195,"brick",4,4,4,3
1195,"paperclip",1,5,1,5
1195,"paperclip",3,3,3,3
1195,"paperclip",3,4,3,4
1195,"paperclip",4,4,3,3
1195,"paperclip",0,0,3,2
1195,"paperclip",3,4,2,4
1196,"brick",1,5,1,5
1196,"brick",1,5,1,5
1196,"brick",2,4,2,4
1196,"brick",2,4,2,4
1196,"brick",2,5,2,4
1196,"brick",2,5,1,5
1196,"paperclip",4,4,3,3
1196,"paperclip",1,5,1,5
1196,"paperclip",3,3,2,4
1196,"paperclip",3,5,3,5
1196,"paperclip",3,5,2,4
1196,"paperclip",3,3,3,3
1198,"brick",1,5,1,5
1198,"brick",1,5,1,5
1198,"brick",2,4,2,4
1198,"brick",3,1,4,3
1198,"brick",4,1,4,2
1198,"brick",2,5,3,5
1198,"brick",0,0,2,4
1198,"brick",2,3,2,4
1198,"brick",2,3,3,4
1198,"brick",2,4,3,5
1198,"brick",2,4,1,5
1198,"brick",4,2,4,2
1198,"brick",2,4,2,4
1198,"brick",2,3,3,4
1198,"brick",2,5,1,4
1198,"brick",1,5,1,5
1198,"brick",3,4,3,3
1198,"brick",3,4,3,2
1198,"brick",5,1,4,1
1198,"brick",4,2,4,2
1198,"brick",5,2,4,3
1198,"brick",2,3,4,2
1198,"paperclip",1,5,1,5
1198,"paperclip",4,4,3,3
1198,"paperclip",3,3,3,3
1198,"paperclip",4,3,4,3
1198,"paperclip",3,3,3,2
1198,"paperclip",2,2,3,4
1198,"paperclip",3,3,3,2
1198,"paperclip",4,4,4,3
1198,"paperclip",3,4,4,3
1198,"paperclip",3,4,4,3
1198,"paperclip",5,4,5,4
1198,"paperclip",4,3,4,4
1198,"paperclip",4,4,4,2
1198,"paperclip",3,3,4,3
1198,"paperclip",3,5,3,5
1198,"paperclip",3,4,3,4
1198,"paperclip",3,3,3,3
1199,"brick",1,5,1,5
1199,"brick",2,4,3,4
1199,"brick",3,4,2,4
1199,"brick",2,4,2,4
1199,"brick",4,4,3,3
1199,"brick",2,5,2,5
1199,"brick",2,5,2,4
1199,"brick",2,5,3,4
1199,"brick",3,2,4,3
1199,"paperclip",1,5,1,5
1199,"paperclip",3,4,3,4
1199,"paperclip",4,4,3,3
1199,"paperclip",2,4,2,5
1199,"paperclip",2,5,1,4
1199,"paperclip",3,5,3,5
1201,"brick",2,4,2,4
1201,"brick",1,5,1,5
1201,"brick",2,5,2,4
1201,"brick",2,5,3,5
1201,"brick",3,3,3,3
1201,"brick",2,5,2,4
1201,"brick",2,4,3,3
1201,"brick",3,3,3,3
1201,"brick",5,1,5,1
1201,"brick",2,5,4,4
1201,"paperclip",1,5,1,5
1201,"paperclip",4,4,3,4
1201,"paperclip",4,4,3,3
1201,"paperclip",4,4,3,4
1201,"paperclip",3,4,3,4
1201,"paperclip",3,4,2,4
1201,"paperclip",3,3,3,3
1201,"paperclip",3,3,2,5
1202,"brick",1,5,1,5
1202,"brick",1,5,1,5
1202,"brick",2,5,2,4
1202,"brick",2,5,2,4
1202,"brick",2,5,2,3
1202,"brick",2,5,3,4
1202,"brick",3,3,3,3
1202,"brick",3,5,3,4
1202,"brick",3,3,2,3
1202,"brick",3,4,3,4
1202,"brick",2,4,4,4
1202,"brick",2,5,3,3
1202,"brick",2,5,3,5
1202,"brick",4,5,3,4
1202,"paperclip",4,4,3,3
1202,"paperclip",3,5,3,5
1202,"paperclip",1,5,1,5
1202,"paperclip",3,4,3,4
1202,"paperclip",3,3,3,3
1202,"paperclip",3,3,3,4
1202,"paperclip",3,4,3,3
1202,"paperclip",2,4,2,5
1202,"paperclip",3,4,3,4
1202,"paperclip",3,4,2,4
1202,"paperclip",3,3,3,4
1202,"paperclip",3,4,3,4
1202,"paperclip",4,4,3,4
1208,"brick",1,5,0,0
1208,"brick",1,5,1,5
1208,"brick",2,3,3,4
1208,"brick",2,4,2,4
1208,"brick",2,5,2,4
1208,"brick",2,3,4,2
1208,"brick",3,3,2,3
1208,"brick",3,3,3,3
1208,"brick",2,2,3,2
1208,"brick",2,5,2,5
1208,"brick",2,3,3,4
1208,"brick",2,4,3,4
1208,"brick",2,5,2,4
1208,"brick",3,3,3,3
1208,"paperclip",1,5,0,0
1208,"paperclip",2,2,3,4
1208,"paperclip",3,5,3,5
1208,"paperclip",2,4,2,5
1208,"paperclip",4,4,3,4
1208,"paperclip",3,3,2,4
1208,"paperclip",3,4,3,4
1208,"paperclip",3,3,3,4
